﻿CREATE TABLE AIRPORTS (
AIRPORT_ID INT NOT NULL,
IATA VARCHAR(3), 
ICAO VARCHAR(4),
FAA VARCHAR(3),
COUNTRY VARCHAR(100),
CITY VARCHAR(100),
CONSTRAINT airports_airport_id_pk PRIMARY KEY (AIRPORT_ID)
);

CREATE TABLE FLEET (
FLEET_ID VARCHAR(7) NOT NULL, 
CALLSIGN VARCHAR(7) UNIQUE,
CAPACITY SMALLINT,
STATUS VARCHAR(100),
MODEL VARCHAR(100),
CONSTRAINT fleet_fleet_id_pk PRIMARY KEY (FLEET_ID),
CONSTRAINT fleet_status_in CHECK (STATUS IN('Private','Commercial','Maintenance')),
CONSTRAINT fleet_fleet_id_like CHECK (FLEET_ID LIKE 'QU-%'),
CONSTRAINT fleet_callsign_like CHECK (CALLSIGN LIKE 'OE-%')
);

CREATE TABLE FLIGHTS (
FLIGHT_ID INT NOT NULL,
FLEET_ID VARCHAR(7) NOT NULL,
DEPARTURE INT, 
ARRIVAL INT,
DEPART_DATE DATETIME,
ARRIVE_DATE DATETIME,
CLASS VARCHAR(20),
PRICE INT,
CONSTRAINT flights_flight_id_pk PRIMARY KEY (FLIGHT_ID), 
CONSTRAINT flights_fleet_id_fk FOREIGN KEY (FLEET_ID)
REFERENCES FLEET(FLEET_ID) ON DELETE CASCADE,
CONSTRAINT flights_departure_fk FOREIGN KEY (DEPARTURE)
REFERENCES AIRPORTS(AIRPORT_ID) ON DELETE CASCADE,
CONSTRAINT flights_arrival_fk FOREIGN KEY (ARRIVAL)
REFERENCES AIRPORTS(AIRPORT_ID) ON DELETE NO ACTION,
CONSTRAINT flights_class_in CHECK (CLASS IN('FIRST','BUSINESS'))
);

CREATE TABLE EMPLOYEES (
EMPLOYEE_ID INT NOT NULL,
NAME VARCHAR(100),
HIRE_DATE DATETIME,
SALARY INT,
CONSTRAINT employees_employee_id_pk PRIMARY KEY (EMPLOYEE_ID)
);

CREATE TABLE PILOTS (
EMPLOYEE_ID INT NOT NULL,
FLYING_HOURS BIGINT,
CONSTRAINT pilots_employee_id_fk FOREIGN KEY (EMPLOYEE_ID)
REFERENCES EMPLOYEES(EMPLOYEE_ID) ON DELETE CASCADE
);

CREATE TABLE MAINTENANCE_CREW (
EMPLOYEE_ID INT NOT NULL,
SPECIALIZATION VARCHAR(100),
CONSTRAINT mainentance_employee_id_fk FOREIGN KEY (EMPLOYEE_ID)
REFERENCES EMPLOYEES(EMPLOYEE_ID) ON DELETE CASCADE
);

CREATE TABLE FLIGHT_ATTENDANTS (
EMPLOYEE_ID INT NOT NULL,
LANGUAGES SMALLINT,
CONSTRAINT attendants_employee_id_fk FOREIGN KEY (EMPLOYEE_ID)
REFERENCES EMPLOYEES(EMPLOYEE_ID) ON DELETE CASCADE
);

CREATE TABLE ASSIGMENTS (
FLEET_ID VARCHAR(7) NOT NULL,
EMPLOYEE_ID INT NOT NULL,
CONSTRAINT assigments_fleet_id_fk FOREIGN KEY (FLEET_ID)
REFERENCES FLEET(FLEET_ID) ON DELETE CASCADE,
CONSTRAINT assigments_employee_id_fk FOREIGN KEY (EMPLOYEE_ID)
REFERENCES EMPLOYEES(EMPLOYEE_ID) ON DELETE CASCADE
);

CREATE TABLE BOOKINGS (
BOOKING_ID INT NOT NULL,
FLIGHT_ID INT NOT NULL,
NAME VARCHAR(100) NOT NULL,
CONSTRAINT bookings_booking_id_pk PRIMARY KEY (BOOKING_ID),
CONSTRAINT bookings_flight_id_fk FOREIGN KEY (FLIGHT_ID)
REFERENCES FLIGHTS(FLIGHT_ID) ON DELETE CASCADE
);

/* QUJET */

INSERT INTO AIRPORTS (AIRPORT_ID, IATA, ICAO, FAA, COUNTRY, CITY)
VALUES ('10001','','LOSM','','Austria','Mauterndorf');

INSERT INTO AIRPORTS (AIRPORT_ID, IATA, ICAO, FAA, COUNTRY, CITY)
VALUES ('10002','','LOGF','','Austria','Fürstenfeld');

INSERT INTO AIRPORTS (AIRPORT_ID, IATA, ICAO, FAA, COUNTRY, CITY)
VALUES ('10003','','LOLC','','Austria','Scharnstein');

/* MOROCCO */

INSERT INTO AIRPORTS (AIRPORT_ID, IATA, ICAO, FAA, COUNTRY, CITY)
VALUES ('10004','AGA','GMAD','','Morocco','Agadir');

INSERT INTO AIRPORTS (AIRPORT_ID, IATA, ICAO, FAA, COUNTRY, CITY)
VALUES ('10005','RAK','GMMX','','Morocco','Marrakesh');

/* EGYPT */

INSERT INTO AIRPORTS (AIRPORT_ID, IATA, ICAO, FAA, COUNTRY, CITY)
VALUES ('10006','CAI','HECA','','Egypt','Cairo');

INSERT INTO AIRPORTS (AIRPORT_ID, IATA, ICAO, FAA, COUNTRY, CITY)
VALUES ('10007','HBE','HEBA','','Egypt','Borg El Arab');

/* PUERTO RICO */

INSERT INTO AIRPORTS (AIRPORT_ID, IATA, ICAO, FAA, COUNTRY, CITY)
VALUES ('10008','SJU','TJSJ','SJU','Puerto Rico','Carolina');

/* CANADA */

INSERT INTO AIRPORTS (AIRPORT_ID, IATA, ICAO, FAA, COUNTRY, CITY)
VALUES ('10009','YCC','CYCC','','Canada','Calgary ');

INSERT INTO AIRPORTS (AIRPORT_ID, IATA, ICAO, FAA, COUNTRY, CITY)
VALUES ('10010','YUL','CYUL','','Canada','Montreal');

INSERT INTO AIRPORTS (AIRPORT_ID, IATA, ICAO, FAA, COUNTRY, CITY)
VALUES ('10011','YYZ','CYYZ','','Canada','Toronto');

INSERT INTO AIRPORTS (AIRPORT_ID, IATA, ICAO, FAA, COUNTRY, CITY)
VALUES ('10012','YVR','CYVR','','Canada','Vancouver');

/* UNITED STATES */

INSERT INTO AIRPORTS (AIRPORT_ID, IATA, ICAO, FAA, COUNTRY, CITY)
VALUES ('10013','JFK','KJFK','JFK','United States','New York');

INSERT INTO AIRPORTS (AIRPORT_ID, IATA, ICAO, FAA, COUNTRY, CITY)
VALUES ('10014','DFW','KDFW','DFW','United States','Dallas');

INSERT INTO AIRPORTS (AIRPORT_ID, IATA, ICAO, FAA, COUNTRY, CITY)
VALUES ('10015','ORD','KORD','ORD','United States','Chicago');

INSERT INTO AIRPORTS (AIRPORT_ID, IATA, ICAO, FAA, COUNTRY, CITY)
VALUES ('10016','LAX','KLAX','LAX','United States','Los Angeles');

INSERT INTO AIRPORTS (AIRPORT_ID, IATA, ICAO, FAA, COUNTRY, CITY)
VALUES ('10017','LAS','KLAS','LAS','United States','Las Vegas');

/* BRAZIL */

INSERT INTO AIRPORTS (AIRPORT_ID, IATA, ICAO, FAA, COUNTRY, CITY)
VALUES ('10018','GRU','SBGR','','Brazil','Sao Paolo');

INSERT INTO AIRPORTS (AIRPORT_ID, IATA, ICAO, FAA, COUNTRY, CITY)
VALUES ('10019','GIG','SBGL','','Brazil','Rio de Janeiro');

/* JAPAN */

INSERT INTO AIRPORTS (AIRPORT_ID, IATA, ICAO, FAA, COUNTRY, CITY)
VALUES ('10020','HND','RJJT','','Japan','Tokyo');

/* SOUTH KOREA */

INSERT INTO AIRPORTS (AIRPORT_ID, IATA, ICAO, FAA, COUNTRY, CITY)
VALUES ('10021','GMP','RKSS','','South Korea','Seoul');

/* SINGAPORE */

INSERT INTO AIRPORTS (AIRPORT_ID, IATA, ICAO, FAA, COUNTRY, CITY)
VALUES ('10022','SIN','WSSS','','Singapore','Changi');

/* UNITED ARAB EMIRATES */

INSERT INTO AIRPORTS (AIRPORT_ID, IATA, ICAO, FAA, COUNTRY, CITY)
VALUES ('10023','AUH','OMAA','','United Arab Emirates','Abu Dhabi');

INSERT INTO AIRPORTS (AIRPORT_ID, IATA, ICAO, FAA, COUNTRY, CITY)
VALUES ('10024','DXB','OMDB','','United Arab Emirates','Dubai');

/* QUATAR */

INSERT INTO AIRPORTS (AIRPORT_ID, IATA, ICAO, FAA, COUNTRY, CITY)
VALUES ('10025','DOH','OTHH','','Quatar','Doha');

/* AUSTRALIA */

INSERT INTO AIRPORTS (AIRPORT_ID, IATA, ICAO, FAA, COUNTRY, CITY)
VALUES ('10026','SYD','YSSY','','Australia','Sydney');

INSERT INTO AIRPORTS (AIRPORT_ID, IATA, ICAO, FAA, COUNTRY, CITY)
VALUES ('10027','MEL','YMML','','Australia','Melbourne');

/* UNITED KINGDOM */

INSERT INTO AIRPORTS (AIRPORT_ID, IATA, ICAO, FAA, COUNTRY, CITY)
VALUES ('10028','LHR','EGLL','','England','London');

INSERT INTO AIRPORTS (AIRPORT_ID, IATA, ICAO, FAA, COUNTRY, CITY)
VALUES ('10029','MAN','EGCC','','England','Manchester');

INSERT INTO AIRPORTS (AIRPORT_ID, IATA, ICAO, FAA, COUNTRY, CITY)
VALUES ('10030','EDI','EGPH','','Scotland','Edinburgh');

/* CONTINENTAL EUROPE */

INSERT INTO AIRPORTS (AIRPORT_ID, IATA, ICAO, FAA, COUNTRY, CITY)
VALUES ('10031','BRU','EBBR','','Belgium','Brussels');

INSERT INTO AIRPORTS (AIRPORT_ID, IATA, ICAO, FAA, COUNTRY, CITY)
VALUES ('10032','CDG','LFPG','','France','Paris');

INSERT INTO AIRPORTS (AIRPORT_ID, IATA, ICAO, FAA, COUNTRY, CITY)
VALUES ('10033','DUB','EIDW','','Ireland','Dublin');

INSERT INTO AIRPORTS (AIRPORT_ID, IATA, ICAO, FAA, COUNTRY, CITY)
VALUES ('10034','AMS','EHAM','','Netherlands','Amsterdam');

INSERT INTO AIRPORTS (AIRPORT_ID, IATA, ICAO, FAA, COUNTRY, CITY)
VALUES ('10035','LIS','LPPT','','Portugal','Lisbon');

INSERT INTO AIRPORTS (AIRPORT_ID, IATA, ICAO, FAA, COUNTRY, CITY)
VALUES ('10036','MAD','LEMD','','Spain','Madrid');

INSERT INTO AIRPORTS (AIRPORT_ID, IATA, ICAO, FAA, COUNTRY, CITY)
VALUES ('10037','VIE','LOWW','','Austria','Vienna');

INSERT INTO AIRPORTS (AIRPORT_ID, IATA, ICAO, FAA, COUNTRY, CITY)
VALUES ('10038','PRG','LKPR','','Czech Republic','Prague');

INSERT INTO AIRPORTS (AIRPORT_ID, IATA, ICAO, FAA, COUNTRY, CITY)
VALUES ('10039','MUC','EDDM','','Germany','Munich');

INSERT INTO AIRPORTS (AIRPORT_ID, IATA, ICAO, FAA, COUNTRY, CITY)
VALUES ('10040','TXL','EDDT','','Germany','Berlin');

INSERT INTO AIRPORTS (AIRPORT_ID, IATA, ICAO, FAA, COUNTRY, CITY)
VALUES ('10041','ATH','LGAV','','Greece','Athens');

INSERT INTO AIRPORTS (AIRPORT_ID, IATA, ICAO, FAA, COUNTRY, CITY)
VALUES ('10042','MXP','LIMC','','Italy','Milan');

INSERT INTO AIRPORTS (AIRPORT_ID, IATA, ICAO, FAA, COUNTRY, CITY)
VALUES ('10043','FCO','LIRF','','Italy','Rome');

INSERT INTO AIRPORTS (AIRPORT_ID, IATA, ICAO, FAA, COUNTRY, CITY)
VALUES ('10044','ZRH','LSZH','','Switzerland','Zurich');

INSERT INTO AIRPORTS (AIRPORT_ID, IATA, ICAO, FAA, COUNTRY, CITY)
VALUES ('10045','ZAG','LDZA','','Croatia','Zagreb');

INSERT INTO AIRPORTS (AIRPORT_ID, IATA, ICAO, FAA, COUNTRY, CITY)
VALUES ('10046','LCA','LCLK','','Cyprus','Larnaca');

INSERT INTO AIRPORTS (AIRPORT_ID, IATA, ICAO, FAA, COUNTRY, CITY)
VALUES ('10047','BUD','LHBP','','Hungary','Budapest');

 /* Cessna Citation X */

INSERT INTO FLEET (FLEET_ID, CALLSIGN, CAPACITY, STATUS, MODEL)
VALUES ('QU-CX01','OE-CX01','8','Private','Cessna Citation X');

INSERT INTO FLEET (FLEET_ID, CALLSIGN, CAPACITY, STATUS, MODEL)
VALUES ('QU-CX02','OE-CX02','8','Private','Cessna Citation X');

INSERT INTO FLEET (FLEET_ID, CALLSIGN, CAPACITY, STATUS, MODEL)
VALUES ('QU-CX03','OE-CX03','8','Private','Cessna Citation X');

INSERT INTO FLEET (FLEET_ID, CALLSIGN, CAPACITY, STATUS, MODEL)
VALUES ('QU-CX04','OE-CX04','8','Private','Cessna Citation X');

INSERT INTO FLEET (FLEET_ID, CALLSIGN, CAPACITY, STATUS, MODEL)
VALUES ('QU-CX05','OE-CX05','8','Private','Cessna Citation X');

INSERT INTO FLEET (FLEET_ID, CALLSIGN, CAPACITY, STATUS, MODEL)
VALUES ('QU-CX06','OE-CX06','8','Private','Cessna Citation X');

INSERT INTO FLEET (FLEET_ID, CALLSIGN, CAPACITY, STATUS, MODEL)
VALUES ('QU-CX07','OE-CX07','8','Private','Cessna Citation X');

INSERT INTO FLEET (FLEET_ID, CALLSIGN, CAPACITY, STATUS, MODEL)
VALUES ('QU-CX08','OE-CX08','8','Private','Cessna Citation X');

INSERT INTO FLEET (FLEET_ID, CALLSIGN, CAPACITY, STATUS, MODEL)
VALUES ('QU-CX09','OE-CX09','8','Private','Cessna Citation X');

INSERT INTO FLEET (FLEET_ID, CALLSIGN, CAPACITY, STATUS, MODEL)
VALUES ('QU-CX10','OE-CX10','8','Private','Cessna Citation X');

INSERT INTO FLEET (FLEET_ID, CALLSIGN, CAPACITY, STATUS, MODEL)
VALUES ('QU-CX11','OE-CX11','8','Private','Cessna Citation X');

INSERT INTO FLEET (FLEET_ID, CALLSIGN, CAPACITY, STATUS, MODEL)
VALUES ('QU-CX12','OE-CX12','8','Private','Cessna Citation X');

INSERT INTO FLEET (FLEET_ID, CALLSIGN, CAPACITY, STATUS, MODEL)
VALUES ('QU-CX13','OE-CX13','8','Private','Cessna Citation X');

 /* Bombardier Challenger 300 */

INSERT INTO FLEET (FLEET_ID, CALLSIGN, CAPACITY, STATUS, MODEL)
VALUES ('QU-BC01','OE-BC01','6','Private','Bombardier Challenger 300');

INSERT INTO FLEET (FLEET_ID, CALLSIGN, CAPACITY, STATUS, MODEL)
VALUES ('QU-BC02','OE-BC02','6','Private','Bombardier Challenger 300');

INSERT INTO FLEET (FLEET_ID, CALLSIGN, CAPACITY, STATUS, MODEL)
VALUES ('QU-BC03','OE-BC03','6','Private','Bombardier Challenger 300');

INSERT INTO FLEET (FLEET_ID, CALLSIGN, CAPACITY, STATUS, MODEL)
VALUES ('QU-BC04','OE-BC04','6','Private','Bombardier Challenger 300');

INSERT INTO FLEET (FLEET_ID, CALLSIGN, CAPACITY, STATUS, MODEL)
VALUES ('QU-BC05','OE-BC05','6','Private','Bombardier Challenger 300');

INSERT INTO FLEET (FLEET_ID, CALLSIGN, CAPACITY, STATUS, MODEL)
VALUES ('QU-BC06','OE-BC06','6','Private','Bombardier Challenger 300');

INSERT INTO FLEET (FLEET_ID, CALLSIGN, CAPACITY, STATUS, MODEL)
VALUES ('QU-BC07','OE-BC07','6','Private','Bombardier Challenger 300');

INSERT INTO FLEET (FLEET_ID, CALLSIGN, CAPACITY, STATUS, MODEL)
VALUES ('QU-BC08','OE-BC08','6','Private','Bombardier Challenger 300');

INSERT INTO FLEET (FLEET_ID, CALLSIGN, CAPACITY, STATUS, MODEL)
VALUES ('QU-BC09','OE-BC09','6','Private','Bombardier Challenger 300');

INSERT INTO FLEET (FLEET_ID, CALLSIGN, CAPACITY, STATUS, MODEL)
VALUES ('QU-BC10','OE-BC10','6','Private','Bombardier Challenger 300');

/* Airbus A220-100 */

INSERT INTO FLEET (FLEET_ID, CALLSIGN, CAPACITY, STATUS, MODEL)
VALUES ('QU-A101','OE-A101','110','Commercial','Airbus A220-100');

INSERT INTO FLEET (FLEET_ID, CALLSIGN, CAPACITY, STATUS, MODEL)
VALUES ('QU-A102','OE-A102','110','Commercial','Airbus A220-100');

INSERT INTO FLEET (FLEET_ID, CALLSIGN, CAPACITY, STATUS, MODEL)
VALUES ('QU-A103','OE-A103','110','Commercial','Airbus A220-100');

INSERT INTO FLEET (FLEET_ID, CALLSIGN, CAPACITY, STATUS, MODEL)
VALUES ('QU-A104','OE-A104','110','Commercial','Airbus A220-100');

INSERT INTO FLEET (FLEET_ID, CALLSIGN, CAPACITY, STATUS, MODEL)
VALUES ('QU-A105','OE-A105','110','Commercial','Airbus A220-100');

INSERT INTO FLEET (FLEET_ID, CALLSIGN, CAPACITY, STATUS, MODEL)
VALUES ('QU-A106','OE-A106','110','Commercial','Airbus A220-100');

/* Airbus A220-300 */

INSERT INTO FLEET (FLEET_ID, CALLSIGN, CAPACITY, STATUS, MODEL)
VALUES ('QU-A301','OE-A301','130','Commercial','Airbus A220-300');

INSERT INTO FLEET (FLEET_ID, CALLSIGN, CAPACITY, STATUS, MODEL)
VALUES ('QU-A302','OE-A302','130','Commercial','Airbus A220-300');

INSERT INTO FLEET (FLEET_ID, CALLSIGN, CAPACITY, STATUS, MODEL)
VALUES ('QU-A303','OE-A303','130','Commercial','Airbus A220-300');

INSERT INTO FLEET (FLEET_ID, CALLSIGN, CAPACITY, STATUS, MODEL)
VALUES ('QU-A304','OE-A304','130','Commercial','Airbus A220-300');

/* Airbus A319-NEO */

INSERT INTO FLEET (FLEET_ID, CALLSIGN, CAPACITY, STATUS, MODEL)
VALUES ('QU-AN01','OE-AN01','124','Commercial','Airbus A319-NEO');

INSERT INTO FLEET (FLEET_ID, CALLSIGN, CAPACITY, STATUS, MODEL)
VALUES ('QU-AN02','OE-AN02','124','Commercial','Airbus A319-NEO');

INSERT INTO FLEET (FLEET_ID, CALLSIGN, CAPACITY, STATUS, MODEL)
VALUES ('QU-AN03','OE-AN03','124','Commercial','Airbus A319-NEO');

INSERT INTO FLEET (FLEET_ID, CALLSIGN, CAPACITY, STATUS, MODEL)
VALUES ('QU-AN04','OE-AN04','124','Commercial','Airbus A319-NEO');

INSERT INTO FLEET (FLEET_ID, CALLSIGN, CAPACITY, STATUS, MODEL)
VALUES ('QU-AN05','OE-AN05','124','Commercial','Airbus A319-NEO');

/* Airbus A321-NEO */

INSERT INTO FLEET (FLEET_ID, CALLSIGN, CAPACITY, STATUS, MODEL)
VALUES ('QU-AN06','OE-AN06','132','Commercial','Airbus A321-NEO');

INSERT INTO FLEET (FLEET_ID, CALLSIGN, CAPACITY, STATUS, MODEL)
VALUES ('QU-AN07','OE-AN07','132','Commercial','Airbus A321-NEO');

INSERT INTO FLEET (FLEET_ID, CALLSIGN, CAPACITY, STATUS, MODEL)
VALUES ('QU-AN08','OE-AN08','132','Commercial','Airbus A321-NEO');

INSERT INTO FLEET (FLEET_ID, CALLSIGN, CAPACITY, STATUS, MODEL)
VALUES ('QU-AN09','OE-AN09','132','Commercial','Airbus A321-NEO');

INSERT INTO FLEET (FLEET_ID, CALLSIGN, CAPACITY, STATUS, MODEL)
VALUES ('QU-AN10','OE-AN10','132','Commercial','Airbus A321-NEO');

/* Airbus A330-800 */

INSERT INTO FLEET (FLEET_ID, CALLSIGN, CAPACITY, STATUS, MODEL)
VALUES ('QU-A801','OE-A801','250','Commercial','Airbus A330-800');

INSERT INTO FLEET (FLEET_ID, CALLSIGN, CAPACITY, STATUS, MODEL)
VALUES ('QU-A802','OE-A802','250','Commercial','Airbus A330-800');

INSERT INTO FLIGHTS(FLIGHT_ID,FLEET_ID,DEPARTURE,ARRIVAL,DEPART_DATE,ARRIVE_DATE,CLASS,PRICE) VALUES (50001,'QU-A104',10012,10007,convert(DATETIME, '2020.9.4',102),convert(DATETIME, '2020.9.4',102),'BUSINESS',4500);
INSERT INTO FLIGHTS(FLIGHT_ID,FLEET_ID,DEPARTURE,ARRIVAL,DEPART_DATE,ARRIVE_DATE,CLASS,PRICE) VALUES (50002,'QU-BC10',10012,10007,convert(DATETIME, '2020.9.4',102),convert(DATETIME, '2020.9.4',102),'FIRST',6900);
INSERT INTO FLIGHTS(FLIGHT_ID,FLEET_ID,DEPARTURE,ARRIVAL,DEPART_DATE,ARRIVE_DATE,CLASS,PRICE) VALUES (50003,'QU-BC03',10045,10044,convert(DATETIME, '2020.6.12',102),convert(DATETIME, '2020.6.12',102),'BUSINESS',1400);
INSERT INTO FLIGHTS(FLIGHT_ID,FLEET_ID,DEPARTURE,ARRIVAL,DEPART_DATE,ARRIVE_DATE,CLASS,PRICE) VALUES (50004,'QU-BC09',10045,10044,convert(DATETIME, '2020.6.12',102),convert(DATETIME, '2020.6.12',102),'FIRST',7500);
INSERT INTO FLIGHTS(FLIGHT_ID,FLEET_ID,DEPARTURE,ARRIVAL,DEPART_DATE,ARRIVE_DATE,CLASS,PRICE) VALUES (50005,'QU-A304',10017,10038,convert(DATETIME, '2020.12.4',102),convert(DATETIME, '2020.12.4',102),'BUSINESS',5600);
INSERT INTO FLIGHTS(FLIGHT_ID,FLEET_ID,DEPARTURE,ARRIVAL,DEPART_DATE,ARRIVE_DATE,CLASS,PRICE) VALUES (50006,'QU-A802',10017,10038,convert(DATETIME, '2020.12.4',102),convert(DATETIME, '2020.12.4',102),'FIRST',500);
INSERT INTO FLIGHTS(FLIGHT_ID,FLEET_ID,DEPARTURE,ARRIVAL,DEPART_DATE,ARRIVE_DATE,CLASS,PRICE) VALUES (50007,'QU-BC09',10043,10033,convert(DATETIME, '2020.5.3',102),convert(DATETIME, '2020.5.3',102),'BUSINESS',1400);
INSERT INTO FLIGHTS(FLIGHT_ID,FLEET_ID,DEPARTURE,ARRIVAL,DEPART_DATE,ARRIVE_DATE,CLASS,PRICE) VALUES (50008,'QU-A801',10043,10033,convert(DATETIME, '2020.5.3',102),convert(DATETIME, '2020.5.3',102),'FIRST',6600);
INSERT INTO FLIGHTS(FLIGHT_ID,FLEET_ID,DEPARTURE,ARRIVAL,DEPART_DATE,ARRIVE_DATE,CLASS,PRICE) VALUES (50009,'QU-AN10',10032,10011,convert(DATETIME, '2020.1.17',102),convert(DATETIME, '2020.1.17',102),'BUSINESS',4400);
INSERT INTO FLIGHTS(FLIGHT_ID,FLEET_ID,DEPARTURE,ARRIVAL,DEPART_DATE,ARRIVE_DATE,CLASS,PRICE) VALUES (50010,'QU-CX13',10032,10011,convert(DATETIME, '2020.1.17',102),convert(DATETIME, '2020.1.17',102),'FIRST',5200);
INSERT INTO FLIGHTS(FLIGHT_ID,FLEET_ID,DEPARTURE,ARRIVAL,DEPART_DATE,ARRIVE_DATE,CLASS,PRICE) VALUES (50011,'QU-A106',10004,10012,convert(DATETIME, '2020.12.4',102),convert(DATETIME, '2020.12.4',102),'BUSINESS',2700);
INSERT INTO FLIGHTS(FLIGHT_ID,FLEET_ID,DEPARTURE,ARRIVAL,DEPART_DATE,ARRIVE_DATE,CLASS,PRICE) VALUES (50012,'QU-BC02',10004,10012,convert(DATETIME, '2020.12.4',102),convert(DATETIME, '2020.12.4',102),'FIRST',2300);
INSERT INTO FLIGHTS(FLIGHT_ID,FLEET_ID,DEPARTURE,ARRIVAL,DEPART_DATE,ARRIVE_DATE,CLASS,PRICE) VALUES (50013,'QU-BC10',10037,10013,convert(DATETIME, '2020.10.21',102),convert(DATETIME, '2020.10.21',102),'BUSINESS',6300);
INSERT INTO FLIGHTS(FLIGHT_ID,FLEET_ID,DEPARTURE,ARRIVAL,DEPART_DATE,ARRIVE_DATE,CLASS,PRICE) VALUES (50014,'QU-BC08',10037,10013,convert(DATETIME, '2020.10.21',102),convert(DATETIME, '2020.10.21',102),'FIRST',4500);
INSERT INTO FLIGHTS(FLIGHT_ID,FLEET_ID,DEPARTURE,ARRIVAL,DEPART_DATE,ARRIVE_DATE,CLASS,PRICE) VALUES (50015,'QU-AN04',10026,10047,convert(DATETIME, '2020.9.9',102),convert(DATETIME, '2020.9.9',102),'BUSINESS',3100);
INSERT INTO FLIGHTS(FLIGHT_ID,FLEET_ID,DEPARTURE,ARRIVAL,DEPART_DATE,ARRIVE_DATE,CLASS,PRICE) VALUES (50016,'QU-AN01',10026,10047,convert(DATETIME, '2020.9.9',102),convert(DATETIME, '2020.9.9',102),'FIRST',8200);
INSERT INTO FLIGHTS(FLIGHT_ID,FLEET_ID,DEPARTURE,ARRIVAL,DEPART_DATE,ARRIVE_DATE,CLASS,PRICE) VALUES (50017,'QU-A102',10012,10031,convert(DATETIME, '2020.8.24',102),convert(DATETIME, '2020.8.24',102),'BUSINESS',2900);
INSERT INTO FLIGHTS(FLIGHT_ID,FLEET_ID,DEPARTURE,ARRIVAL,DEPART_DATE,ARRIVE_DATE,CLASS,PRICE) VALUES (50018,'QU-CX07',10012,10031,convert(DATETIME, '2020.8.24',102),convert(DATETIME, '2020.8.24',102),'FIRST',4100);
INSERT INTO FLIGHTS(FLIGHT_ID,FLEET_ID,DEPARTURE,ARRIVAL,DEPART_DATE,ARRIVE_DATE,CLASS,PRICE) VALUES (50019,'QU-CX11',10001,10041,convert(DATETIME, '2020.10.2',102),convert(DATETIME, '2020.10.2',102),'BUSINESS',3600);
INSERT INTO FLIGHTS(FLIGHT_ID,FLEET_ID,DEPARTURE,ARRIVAL,DEPART_DATE,ARRIVE_DATE,CLASS,PRICE) VALUES (50020,'QU-BC10',10015,10042,convert(DATETIME, '2020.4.26',102),convert(DATETIME, '2020.4.26',102),'BUSINESS',4300);
INSERT INTO FLIGHTS(FLIGHT_ID,FLEET_ID,DEPARTURE,ARRIVAL,DEPART_DATE,ARRIVE_DATE,CLASS,PRICE) VALUES (50021,'QU-A301',10015,10042,convert(DATETIME, '2020.4.26',102),convert(DATETIME, '2020.4.26',102),'FIRST',8900);
INSERT INTO FLIGHTS(FLIGHT_ID,FLEET_ID,DEPARTURE,ARRIVAL,DEPART_DATE,ARRIVE_DATE,CLASS,PRICE) VALUES (50022,'QU-CX03',10042,10013,convert(DATETIME, '2020.9.4',102),convert(DATETIME, '2020.9.4',102),'BUSINESS',800);
INSERT INTO FLIGHTS(FLIGHT_ID,FLEET_ID,DEPARTURE,ARRIVAL,DEPART_DATE,ARRIVE_DATE,CLASS,PRICE) VALUES (50023,'QU-A303',10042,10013,convert(DATETIME, '2020.9.4',102),convert(DATETIME, '2020.9.4',102),'FIRST',3900);
INSERT INTO FLIGHTS(FLIGHT_ID,FLEET_ID,DEPARTURE,ARRIVAL,DEPART_DATE,ARRIVE_DATE,CLASS,PRICE) VALUES (50024,'QU-A802',10025,10009,convert(DATETIME, '2020.1.20',102),convert(DATETIME, '2020.1.20',102),'BUSINESS',9000);
INSERT INTO FLIGHTS(FLIGHT_ID,FLEET_ID,DEPARTURE,ARRIVAL,DEPART_DATE,ARRIVE_DATE,CLASS,PRICE) VALUES (50025,'QU-AN10',10025,10009,convert(DATETIME, '2020.1.20',102),convert(DATETIME, '2020.1.20',102),'FIRST',7700);
INSERT INTO FLIGHTS(FLIGHT_ID,FLEET_ID,DEPARTURE,ARRIVAL,DEPART_DATE,ARRIVE_DATE,CLASS,PRICE) VALUES (50026,'QU-AN10',10046,10024,convert(DATETIME, '2020.5.24',102),convert(DATETIME, '2020.5.24',102),'BUSINESS',2500);
INSERT INTO FLIGHTS(FLIGHT_ID,FLEET_ID,DEPARTURE,ARRIVAL,DEPART_DATE,ARRIVE_DATE,CLASS,PRICE) VALUES (50027,'QU-A304',10046,10024,convert(DATETIME, '2020.5.24',102),convert(DATETIME, '2020.5.24',102),'FIRST',3000);
INSERT INTO FLIGHTS(FLIGHT_ID,FLEET_ID,DEPARTURE,ARRIVAL,DEPART_DATE,ARRIVE_DATE,CLASS,PRICE) VALUES (50028,'QU-CX11',10034,10042,convert(DATETIME, '2020.1.17',102),convert(DATETIME, '2020.1.17',102),'BUSINESS',6600);
INSERT INTO FLIGHTS(FLIGHT_ID,FLEET_ID,DEPARTURE,ARRIVAL,DEPART_DATE,ARRIVE_DATE,CLASS,PRICE) VALUES (50029,'QU-A801',10034,10042,convert(DATETIME, '2020.1.17',102),convert(DATETIME, '2020.1.17',102),'FIRST',8900);
INSERT INTO FLIGHTS(FLIGHT_ID,FLEET_ID,DEPARTURE,ARRIVAL,DEPART_DATE,ARRIVE_DATE,CLASS,PRICE) VALUES (50030,'QU-A102',10016,10024,convert(DATETIME, '2020.9.20',102),convert(DATETIME, '2020.9.20',102),'BUSINESS',6600);
INSERT INTO FLIGHTS(FLIGHT_ID,FLEET_ID,DEPARTURE,ARRIVAL,DEPART_DATE,ARRIVE_DATE,CLASS,PRICE) VALUES (50031,'QU-BC10',10016,10024,convert(DATETIME, '2020.9.20',102),convert(DATETIME, '2020.9.20',102),'FIRST',2000);
INSERT INTO FLIGHTS(FLIGHT_ID,FLEET_ID,DEPARTURE,ARRIVAL,DEPART_DATE,ARRIVE_DATE,CLASS,PRICE) VALUES (50032,'QU-A802',10047,10019,convert(DATETIME, '2020.2.5',102),convert(DATETIME, '2020.2.5',102),'BUSINESS',1600);
INSERT INTO FLIGHTS(FLIGHT_ID,FLEET_ID,DEPARTURE,ARRIVAL,DEPART_DATE,ARRIVE_DATE,CLASS,PRICE) VALUES (50033,'QU-A801',10047,10019,convert(DATETIME, '2020.2.5',102),convert(DATETIME, '2020.2.5',102),'FIRST',1300);
INSERT INTO FLIGHTS(FLIGHT_ID,FLEET_ID,DEPARTURE,ARRIVAL,DEPART_DATE,ARRIVE_DATE,CLASS,PRICE) VALUES (50034,'QU-A802',10009,10023,convert(DATETIME, '2020.11.18',102),convert(DATETIME, '2020.11.18',102),'BUSINESS',9400);
INSERT INTO FLIGHTS(FLIGHT_ID,FLEET_ID,DEPARTURE,ARRIVAL,DEPART_DATE,ARRIVE_DATE,CLASS,PRICE) VALUES (50035,'QU-AN10',10009,10023,convert(DATETIME, '2020.11.18',102),convert(DATETIME, '2020.11.18',102),'FIRST',3600);
INSERT INTO FLIGHTS(FLIGHT_ID,FLEET_ID,DEPARTURE,ARRIVAL,DEPART_DATE,ARRIVE_DATE,CLASS,PRICE) VALUES (50036,'QU-AN10',10023,10011,convert(DATETIME, '2020.10.4',102),convert(DATETIME, '2020.10.4',102),'BUSINESS',7300);
INSERT INTO FLIGHTS(FLIGHT_ID,FLEET_ID,DEPARTURE,ARRIVAL,DEPART_DATE,ARRIVE_DATE,CLASS,PRICE) VALUES (50037,'QU-BC05',10023,10011,convert(DATETIME, '2020.10.4',102),convert(DATETIME, '2020.10.4',102),'FIRST',7800);
INSERT INTO FLIGHTS(FLIGHT_ID,FLEET_ID,DEPARTURE,ARRIVAL,DEPART_DATE,ARRIVE_DATE,CLASS,PRICE) VALUES (50038,'QU-A304',10038,10017,convert(DATETIME, '2020.4.25',102),convert(DATETIME, '2020.4.25',102),'BUSINESS',2600);
INSERT INTO FLIGHTS(FLIGHT_ID,FLEET_ID,DEPARTURE,ARRIVAL,DEPART_DATE,ARRIVE_DATE,CLASS,PRICE) VALUES (50039,'QU-BC10',10026,10004,convert(DATETIME, '2020.8.21',102),convert(DATETIME, '2020.8.21',102),'BUSINESS',3600);
INSERT INTO FLIGHTS(FLIGHT_ID,FLEET_ID,DEPARTURE,ARRIVAL,DEPART_DATE,ARRIVE_DATE,CLASS,PRICE) VALUES (50040,'QU-CX11',10026,10004,convert(DATETIME, '2020.8.21',102),convert(DATETIME, '2020.8.21',102),'FIRST',6300);
INSERT INTO FLIGHTS(FLIGHT_ID,FLEET_ID,DEPARTURE,ARRIVAL,DEPART_DATE,ARRIVE_DATE,CLASS,PRICE) VALUES (50041,'QU-A801',10042,10034,convert(DATETIME, '2020.10.27',102),convert(DATETIME, '2020.10.27',102),'BUSINESS',4000);
INSERT INTO FLIGHTS(FLIGHT_ID,FLEET_ID,DEPARTURE,ARRIVAL,DEPART_DATE,ARRIVE_DATE,CLASS,PRICE) VALUES (50042,'QU-CX12',10042,10034,convert(DATETIME, '2020.10.27',102),convert(DATETIME, '2020.10.27',102),'FIRST',7800);
INSERT INTO FLIGHTS(FLIGHT_ID,FLEET_ID,DEPARTURE,ARRIVAL,DEPART_DATE,ARRIVE_DATE,CLASS,PRICE) VALUES (50043,'QU-A802',10002,10007,convert(DATETIME, '2020.9.26',102),convert(DATETIME, '2020.9.26',102),'BUSINESS',4200);
INSERT INTO FLIGHTS(FLIGHT_ID,FLEET_ID,DEPARTURE,ARRIVAL,DEPART_DATE,ARRIVE_DATE,CLASS,PRICE) VALUES (50044,'QU-A104',10002,10007,convert(DATETIME, '2020.9.26',102),convert(DATETIME, '2020.9.26',102),'FIRST',4400);
INSERT INTO FLIGHTS(FLIGHT_ID,FLEET_ID,DEPARTURE,ARRIVAL,DEPART_DATE,ARRIVE_DATE,CLASS,PRICE) VALUES (50045,'QU-A802',10032,10036,convert(DATETIME, '2020.8.18',102),convert(DATETIME, '2020.8.18',102),'BUSINESS',1600);
INSERT INTO FLIGHTS(FLIGHT_ID,FLEET_ID,DEPARTURE,ARRIVAL,DEPART_DATE,ARRIVE_DATE,CLASS,PRICE) VALUES (50046,'QU-A301',10032,10036,convert(DATETIME, '2020.8.18',102),convert(DATETIME, '2020.8.18',102),'FIRST',1700);
INSERT INTO FLIGHTS(FLIGHT_ID,FLEET_ID,DEPARTURE,ARRIVAL,DEPART_DATE,ARRIVE_DATE,CLASS,PRICE) VALUES (50047,'QU-CX01',10031,10015,convert(DATETIME, '2020.9.10',102),convert(DATETIME, '2020.9.10',102),'BUSINESS',6300);
INSERT INTO FLIGHTS(FLIGHT_ID,FLEET_ID,DEPARTURE,ARRIVAL,DEPART_DATE,ARRIVE_DATE,CLASS,PRICE) VALUES (50048,'QU-A302',10031,10015,convert(DATETIME, '2020.9.10',102),convert(DATETIME, '2020.9.10',102),'FIRST',5700);
INSERT INTO FLIGHTS(FLIGHT_ID,FLEET_ID,DEPARTURE,ARRIVAL,DEPART_DATE,ARRIVE_DATE,CLASS,PRICE) VALUES (50049,'QU-A802',10036,10039,convert(DATETIME, '2020.4.7',102),convert(DATETIME, '2020.4.7',102),'BUSINESS',6700);
INSERT INTO FLIGHTS(FLIGHT_ID,FLEET_ID,DEPARTURE,ARRIVAL,DEPART_DATE,ARRIVE_DATE,CLASS,PRICE) VALUES (50050,'QU-BC10',10036,10039,convert(DATETIME, '2020.4.7',102),convert(DATETIME, '2020.4.7',102),'FIRST',6500);
INSERT INTO FLIGHTS(FLIGHT_ID,FLEET_ID,DEPARTURE,ARRIVAL,DEPART_DATE,ARRIVE_DATE,CLASS,PRICE) VALUES (50051,'QU-AN10',10014,10019,convert(DATETIME, '2020.7.22',102),convert(DATETIME, '2020.7.22',102),'BUSINESS',9000);
INSERT INTO FLIGHTS(FLIGHT_ID,FLEET_ID,DEPARTURE,ARRIVAL,DEPART_DATE,ARRIVE_DATE,CLASS,PRICE) VALUES (50052,'QU-A105',10014,10019,convert(DATETIME, '2020.7.22',102),convert(DATETIME, '2020.7.22',102),'FIRST',1900);
INSERT INTO FLIGHTS(FLIGHT_ID,FLEET_ID,DEPARTURE,ARRIVAL,DEPART_DATE,ARRIVE_DATE,CLASS,PRICE) VALUES (50053,'QU-A304',10038,10045,convert(DATETIME, '2020.11.26',102),convert(DATETIME, '2020.11.26',102),'BUSINESS',4800);
INSERT INTO FLIGHTS(FLIGHT_ID,FLEET_ID,DEPARTURE,ARRIVAL,DEPART_DATE,ARRIVE_DATE,CLASS,PRICE) VALUES (50054,'QU-AN10',10038,10045,convert(DATETIME, '2020.11.26',102),convert(DATETIME, '2020.11.26',102),'FIRST',6200);
INSERT INTO FLIGHTS(FLIGHT_ID,FLEET_ID,DEPARTURE,ARRIVAL,DEPART_DATE,ARRIVE_DATE,CLASS,PRICE) VALUES (50055,'QU-BC04',10009,10031,convert(DATETIME, '2020.2.4',102),convert(DATETIME, '2020.2.4',102),'BUSINESS',4700);
INSERT INTO FLIGHTS(FLIGHT_ID,FLEET_ID,DEPARTURE,ARRIVAL,DEPART_DATE,ARRIVE_DATE,CLASS,PRICE) VALUES (50056,'QU-A301',10009,10031,convert(DATETIME, '2020.2.4',102),convert(DATETIME, '2020.2.4',102),'FIRST',9700);
INSERT INTO FLIGHTS(FLIGHT_ID,FLEET_ID,DEPARTURE,ARRIVAL,DEPART_DATE,ARRIVE_DATE,CLASS,PRICE) VALUES (50057,'QU-BC10',10046,10016,convert(DATETIME, '2020.11.10',102),convert(DATETIME, '2020.11.10',102),'BUSINESS',800);
INSERT INTO FLIGHTS(FLIGHT_ID,FLEET_ID,DEPARTURE,ARRIVAL,DEPART_DATE,ARRIVE_DATE,CLASS,PRICE) VALUES (50058,'QU-A801',10047,10013,convert(DATETIME, '2020.5.13',102),convert(DATETIME, '2020.5.13',102),'BUSINESS',1200);
INSERT INTO FLIGHTS(FLIGHT_ID,FLEET_ID,DEPARTURE,ARRIVAL,DEPART_DATE,ARRIVE_DATE,CLASS,PRICE) VALUES (50059,'QU-CX13',10047,10013,convert(DATETIME, '2020.5.13',102),convert(DATETIME, '2020.5.13',102),'FIRST',6100);
INSERT INTO FLIGHTS(FLIGHT_ID,FLEET_ID,DEPARTURE,ARRIVAL,DEPART_DATE,ARRIVE_DATE,CLASS,PRICE) VALUES (50060,'QU-AN01',10041,10009,convert(DATETIME, '2020.6.12',102),convert(DATETIME, '2020.6.12',102),'BUSINESS',2100);
INSERT INTO FLIGHTS(FLIGHT_ID,FLEET_ID,DEPARTURE,ARRIVAL,DEPART_DATE,ARRIVE_DATE,CLASS,PRICE) VALUES (50061,'QU-AN04',10041,10009,convert(DATETIME, '2020.6.12',102),convert(DATETIME, '2020.6.12',102),'FIRST',5600);
INSERT INTO FLIGHTS(FLIGHT_ID,FLEET_ID,DEPARTURE,ARRIVAL,DEPART_DATE,ARRIVE_DATE,CLASS,PRICE) VALUES (50062,'QU-AN10',10044,10001,convert(DATETIME, '2020.2.18',102),convert(DATETIME, '2020.2.18',102),'BUSINESS',9500);
INSERT INTO FLIGHTS(FLIGHT_ID,FLEET_ID,DEPARTURE,ARRIVAL,DEPART_DATE,ARRIVE_DATE,CLASS,PRICE) VALUES (50063,'QU-BC07',10044,10001,convert(DATETIME, '2020.2.18',102),convert(DATETIME, '2020.2.18',102),'FIRST',3700);
INSERT INTO FLIGHTS(FLIGHT_ID,FLEET_ID,DEPARTURE,ARRIVAL,DEPART_DATE,ARRIVE_DATE,CLASS,PRICE) VALUES (50064,'QU-A102',10035,10040,convert(DATETIME, '2020.1.1',102),convert(DATETIME, '2020.1.1',102),'BUSINESS',5600);
INSERT INTO FLIGHTS(FLIGHT_ID,FLEET_ID,DEPARTURE,ARRIVAL,DEPART_DATE,ARRIVE_DATE,CLASS,PRICE) VALUES (50065,'QU-A801',10035,10040,convert(DATETIME, '2020.1.1',102),convert(DATETIME, '2020.1.1',102),'FIRST',1500);
INSERT INTO FLIGHTS(FLIGHT_ID,FLEET_ID,DEPARTURE,ARRIVAL,DEPART_DATE,ARRIVE_DATE,CLASS,PRICE) VALUES (50066,'QU-AN10',10029,10020,convert(DATETIME, '2020.9.28',102),convert(DATETIME, '2020.9.28',102),'BUSINESS',1500);
INSERT INTO FLIGHTS(FLIGHT_ID,FLEET_ID,DEPARTURE,ARRIVAL,DEPART_DATE,ARRIVE_DATE,CLASS,PRICE) VALUES (50067,'QU-CX11',10029,10020,convert(DATETIME, '2020.9.28',102),convert(DATETIME, '2020.9.28',102),'FIRST',3000);
INSERT INTO FLIGHTS(FLIGHT_ID,FLEET_ID,DEPARTURE,ARRIVAL,DEPART_DATE,ARRIVE_DATE,CLASS,PRICE) VALUES (50068,'QU-CX11',10004,10013,convert(DATETIME, '2020.11.15',102),convert(DATETIME, '2020.11.15',102),'BUSINESS',7000);
INSERT INTO FLIGHTS(FLIGHT_ID,FLEET_ID,DEPARTURE,ARRIVAL,DEPART_DATE,ARRIVE_DATE,CLASS,PRICE) VALUES (50069,'QU-A304',10004,10013,convert(DATETIME, '2020.11.15',102),convert(DATETIME, '2020.11.15',102),'FIRST',2700);
INSERT INTO FLIGHTS(FLIGHT_ID,FLEET_ID,DEPARTURE,ARRIVAL,DEPART_DATE,ARRIVE_DATE,CLASS,PRICE) VALUES (50070,'QU-BC10',10008,10028,convert(DATETIME, '2020.2.6',102),convert(DATETIME, '2020.2.6',102),'BUSINESS',2300);
INSERT INTO FLIGHTS(FLIGHT_ID,FLEET_ID,DEPARTURE,ARRIVAL,DEPART_DATE,ARRIVE_DATE,CLASS,PRICE) VALUES (50071,'QU-CX11',10008,10028,convert(DATETIME, '2020.2.6',102),convert(DATETIME, '2020.2.6',102),'FIRST',3100);
INSERT INTO FLIGHTS(FLIGHT_ID,FLEET_ID,DEPARTURE,ARRIVAL,DEPART_DATE,ARRIVE_DATE,CLASS,PRICE) VALUES (50072,'QU-BC02',10020,10006,convert(DATETIME, '2020.1.27',102),convert(DATETIME, '2020.1.27',102),'BUSINESS',2500);
INSERT INTO FLIGHTS(FLIGHT_ID,FLEET_ID,DEPARTURE,ARRIVAL,DEPART_DATE,ARRIVE_DATE,CLASS,PRICE) VALUES (50073,'QU-CX05',10020,10006,convert(DATETIME, '2020.1.27',102),convert(DATETIME, '2020.1.27',102),'FIRST',2200);
INSERT INTO FLIGHTS(FLIGHT_ID,FLEET_ID,DEPARTURE,ARRIVAL,DEPART_DATE,ARRIVE_DATE,CLASS,PRICE) VALUES (50074,'QU-BC08',10022,10038,convert(DATETIME, '2020.11.13',102),convert(DATETIME, '2020.11.13',102),'BUSINESS',9600);
INSERT INTO FLIGHTS(FLIGHT_ID,FLEET_ID,DEPARTURE,ARRIVAL,DEPART_DATE,ARRIVE_DATE,CLASS,PRICE) VALUES (50075,'QU-CX13',10022,10038,convert(DATETIME, '2020.11.13',102),convert(DATETIME, '2020.11.13',102),'FIRST',1300);
INSERT INTO FLIGHTS(FLIGHT_ID,FLEET_ID,DEPARTURE,ARRIVAL,DEPART_DATE,ARRIVE_DATE,CLASS,PRICE) VALUES (50076,'QU-BC10',10040,10038,convert(DATETIME, '2020.8.18',102),convert(DATETIME, '2020.8.18',102),'BUSINESS',7100);
INSERT INTO FLIGHTS(FLIGHT_ID,FLEET_ID,DEPARTURE,ARRIVAL,DEPART_DATE,ARRIVE_DATE,CLASS,PRICE) VALUES (50077,'QU-AN10',10030,10012,convert(DATETIME, '2020.2.22',102),convert(DATETIME, '2020.2.22',102),'BUSINESS',3500);
INSERT INTO FLIGHTS(FLIGHT_ID,FLEET_ID,DEPARTURE,ARRIVAL,DEPART_DATE,ARRIVE_DATE,CLASS,PRICE) VALUES (50078,'QU-A103',10030,10012,convert(DATETIME, '2020.2.22',102),convert(DATETIME, '2020.2.22',102),'FIRST',3700);
INSERT INTO FLIGHTS(FLIGHT_ID,FLEET_ID,DEPARTURE,ARRIVAL,DEPART_DATE,ARRIVE_DATE,CLASS,PRICE) VALUES (50079,'QU-A105',10032,10023,convert(DATETIME, '2020.3.22',102),convert(DATETIME, '2020.3.22',102),'BUSINESS',2400);
INSERT INTO FLIGHTS(FLIGHT_ID,FLEET_ID,DEPARTURE,ARRIVAL,DEPART_DATE,ARRIVE_DATE,CLASS,PRICE) VALUES (50080,'QU-AN10',10032,10023,convert(DATETIME, '2020.3.22',102),convert(DATETIME, '2020.3.22',102),'FIRST',6600);
INSERT INTO FLIGHTS(FLIGHT_ID,FLEET_ID,DEPARTURE,ARRIVAL,DEPART_DATE,ARRIVE_DATE,CLASS,PRICE) VALUES (50081,'QU-A101',10041,10038,convert(DATETIME, '2020.7.15',102),convert(DATETIME, '2020.7.15',102),'BUSINESS',8800);
INSERT INTO FLIGHTS(FLIGHT_ID,FLEET_ID,DEPARTURE,ARRIVAL,DEPART_DATE,ARRIVE_DATE,CLASS,PRICE) VALUES (50082,'QU-A801',10041,10038,convert(DATETIME, '2020.7.15',102),convert(DATETIME, '2020.7.15',102),'FIRST',4300);
INSERT INTO FLIGHTS(FLIGHT_ID,FLEET_ID,DEPARTURE,ARRIVAL,DEPART_DATE,ARRIVE_DATE,CLASS,PRICE) VALUES (50083,'QU-AN06',10041,10016,convert(DATETIME, '2020.8.20',102),convert(DATETIME, '2020.8.20',102),'BUSINESS',1900);
INSERT INTO FLIGHTS(FLIGHT_ID,FLEET_ID,DEPARTURE,ARRIVAL,DEPART_DATE,ARRIVE_DATE,CLASS,PRICE) VALUES (50084,'QU-CX03',10041,10016,convert(DATETIME, '2020.8.20',102),convert(DATETIME, '2020.8.20',102),'FIRST',8100);
INSERT INTO FLIGHTS(FLIGHT_ID,FLEET_ID,DEPARTURE,ARRIVAL,DEPART_DATE,ARRIVE_DATE,CLASS,PRICE) VALUES (50085,'QU-CX11',10029,10027,convert(DATETIME, '2020.11.12',102),convert(DATETIME, '2020.11.12',102),'BUSINESS',1100);
INSERT INTO FLIGHTS(FLIGHT_ID,FLEET_ID,DEPARTURE,ARRIVAL,DEPART_DATE,ARRIVE_DATE,CLASS,PRICE) VALUES (50086,'QU-AN10',10029,10027,convert(DATETIME, '2020.11.12',102),convert(DATETIME, '2020.11.12',102),'FIRST',5000);
INSERT INTO FLIGHTS(FLIGHT_ID,FLEET_ID,DEPARTURE,ARRIVAL,DEPART_DATE,ARRIVE_DATE,CLASS,PRICE) VALUES (50087,'QU-CX01',10023,10011,convert(DATETIME, '2020.9.22',102),convert(DATETIME, '2020.9.22',102),'BUSINESS',3500);
INSERT INTO FLIGHTS(FLIGHT_ID,FLEET_ID,DEPARTURE,ARRIVAL,DEPART_DATE,ARRIVE_DATE,CLASS,PRICE) VALUES (50088,'QU-AN06',10023,10011,convert(DATETIME, '2020.9.22',102),convert(DATETIME, '2020.9.22',102),'FIRST',5000);
INSERT INTO FLIGHTS(FLIGHT_ID,FLEET_ID,DEPARTURE,ARRIVAL,DEPART_DATE,ARRIVE_DATE,CLASS,PRICE) VALUES (50089,'QU-A301',10042,10021,convert(DATETIME, '2020.8.11',102),convert(DATETIME, '2020.8.11',102),'BUSINESS',3400);
INSERT INTO FLIGHTS(FLIGHT_ID,FLEET_ID,DEPARTURE,ARRIVAL,DEPART_DATE,ARRIVE_DATE,CLASS,PRICE) VALUES (50090,'QU-A106',10042,10021,convert(DATETIME, '2020.8.11',102),convert(DATETIME, '2020.8.11',102),'FIRST',6400);
INSERT INTO FLIGHTS(FLIGHT_ID,FLEET_ID,DEPARTURE,ARRIVAL,DEPART_DATE,ARRIVE_DATE,CLASS,PRICE) VALUES (50091,'QU-A802',10030,10034,convert(DATETIME, '2020.8.6',102),convert(DATETIME, '2020.8.6',102),'BUSINESS',2800);
INSERT INTO FLIGHTS(FLIGHT_ID,FLEET_ID,DEPARTURE,ARRIVAL,DEPART_DATE,ARRIVE_DATE,CLASS,PRICE) VALUES (50092,'QU-CX05',10030,10034,convert(DATETIME, '2020.8.6',102),convert(DATETIME, '2020.8.6',102),'FIRST',900);
INSERT INTO FLIGHTS(FLIGHT_ID,FLEET_ID,DEPARTURE,ARRIVAL,DEPART_DATE,ARRIVE_DATE,CLASS,PRICE) VALUES (50093,'QU-BC10',10021,10022,convert(DATETIME, '2020.9.2',102),convert(DATETIME, '2020.9.2',102),'BUSINESS',2400);
INSERT INTO FLIGHTS(FLIGHT_ID,FLEET_ID,DEPARTURE,ARRIVAL,DEPART_DATE,ARRIVE_DATE,CLASS,PRICE) VALUES (50094,'QU-A105',10021,10022,convert(DATETIME, '2020.9.2',102),convert(DATETIME, '2020.9.2',102),'FIRST',2100);

INSERT INTO EMPLOYEES(EMPLOYEE_ID,NAME,HIRE_DATE,SALARY) VALUES (20001,'Dru Lawrence',convert(DATETIME, '2006.2.3',102),132000);
INSERT INTO EMPLOYEES(EMPLOYEE_ID,NAME,HIRE_DATE,SALARY) VALUES (20002,'Loui Hodson',convert(DATETIME, '2012.4.12',102),108000);
INSERT INTO EMPLOYEES(EMPLOYEE_ID,NAME,HIRE_DATE,SALARY) VALUES (20003,'Kerys Hogan',convert(DATETIME, '2013.8.4',102),120000);
INSERT INTO EMPLOYEES(EMPLOYEE_ID,NAME,HIRE_DATE,SALARY) VALUES (20004,'Desiree Nieves',convert(DATETIME, '2019.6.11',102),94000);
INSERT INTO EMPLOYEES(EMPLOYEE_ID,NAME,HIRE_DATE,SALARY) VALUES (20005,'Roxie Frye',convert(DATETIME, '2007.12.22',102),103000);
INSERT INTO EMPLOYEES(EMPLOYEE_ID,NAME,HIRE_DATE,SALARY) VALUES (20006,'Hina Kennedy',convert(DATETIME, '2018.4.20',102),68000);
INSERT INTO EMPLOYEES(EMPLOYEE_ID,NAME,HIRE_DATE,SALARY) VALUES (20007,'Paloma Chan',convert(DATETIME, '2013.6.11',102),68000);
INSERT INTO EMPLOYEES(EMPLOYEE_ID,NAME,HIRE_DATE,SALARY) VALUES (20008,'Kevin Black',convert(DATETIME, '2007.9.2',102),98000);
INSERT INTO EMPLOYEES(EMPLOYEE_ID,NAME,HIRE_DATE,SALARY) VALUES (20009,'Jago Bright',convert(DATETIME, '2004.11.10',102),127000);
INSERT INTO EMPLOYEES(EMPLOYEE_ID,NAME,HIRE_DATE,SALARY) VALUES (20010,'Lilah Walton',convert(DATETIME, '2014.12.13',102),78000);
INSERT INTO EMPLOYEES(EMPLOYEE_ID,NAME,HIRE_DATE,SALARY) VALUES (20011,'Sasha Whiteley',convert(DATETIME, '2004.4.26',102),121000);
INSERT INTO EMPLOYEES(EMPLOYEE_ID,NAME,HIRE_DATE,SALARY) VALUES (20012,'Awais Li',convert(DATETIME, '2009.2.11',102),146000);
INSERT INTO EMPLOYEES(EMPLOYEE_ID,NAME,HIRE_DATE,SALARY) VALUES (20013,'Sahra Elliott',convert(DATETIME, '2015.6.8',102),84000);
INSERT INTO EMPLOYEES(EMPLOYEE_ID,NAME,HIRE_DATE,SALARY) VALUES (20014,'Borys Hester',convert(DATETIME, '2003.12.12',102),121000);
INSERT INTO EMPLOYEES(EMPLOYEE_ID,NAME,HIRE_DATE,SALARY) VALUES (20015,'Bobby Ferreira',convert(DATETIME, '2002.6.16',102),96000);
INSERT INTO EMPLOYEES(EMPLOYEE_ID,NAME,HIRE_DATE,SALARY) VALUES (20016,'Christos Dickerson',convert(DATETIME, '2018.3.18',102),59000);
INSERT INTO EMPLOYEES(EMPLOYEE_ID,NAME,HIRE_DATE,SALARY) VALUES (20017,'Arnie Wall',convert(DATETIME, '2009.6.23',102),95000);
INSERT INTO EMPLOYEES(EMPLOYEE_ID,NAME,HIRE_DATE,SALARY) VALUES (20018,'Arnas Phelps',convert(DATETIME, '2009.7.16',102),146000);
INSERT INTO EMPLOYEES(EMPLOYEE_ID,NAME,HIRE_DATE,SALARY) VALUES (20019,'Maja Whitney',convert(DATETIME, '2012.7.26',102),61000);
INSERT INTO EMPLOYEES(EMPLOYEE_ID,NAME,HIRE_DATE,SALARY) VALUES (20020,'Soren Snider',convert(DATETIME, '2011.12.26',102),130000);
INSERT INTO EMPLOYEES(EMPLOYEE_ID,NAME,HIRE_DATE,SALARY) VALUES (20021,'Elissa Paterson',convert(DATETIME, '2011.8.15',102),91000);
INSERT INTO EMPLOYEES(EMPLOYEE_ID,NAME,HIRE_DATE,SALARY) VALUES (20022,'Tomasz Parkes',convert(DATETIME, '2007.2.15',102),132000);
INSERT INTO EMPLOYEES(EMPLOYEE_ID,NAME,HIRE_DATE,SALARY) VALUES (20023,'Timothy Singh',convert(DATETIME, '2013.9.26',102),115000);
INSERT INTO EMPLOYEES(EMPLOYEE_ID,NAME,HIRE_DATE,SALARY) VALUES (20024,'Ariyah Pineda',convert(DATETIME, '2004.3.14',102),124000);
INSERT INTO EMPLOYEES(EMPLOYEE_ID,NAME,HIRE_DATE,SALARY) VALUES (20025,'Wilf Oakley',convert(DATETIME, '2008.8.28',102),110000);
INSERT INTO EMPLOYEES(EMPLOYEE_ID,NAME,HIRE_DATE,SALARY) VALUES (20026,'Miller Cornish',convert(DATETIME, '2014.3.18',102),139000);
INSERT INTO EMPLOYEES(EMPLOYEE_ID,NAME,HIRE_DATE,SALARY) VALUES (20027,'Ayman Golden',convert(DATETIME, '2014.9.3',102),86000);
INSERT INTO EMPLOYEES(EMPLOYEE_ID,NAME,HIRE_DATE,SALARY) VALUES (20028,'Nabila Atherton',convert(DATETIME, '2013.12.4',102),130000);
INSERT INTO EMPLOYEES(EMPLOYEE_ID,NAME,HIRE_DATE,SALARY) VALUES (20029,'Zakaria Greenwood',convert(DATETIME, '2003.6.10',102),62000);
INSERT INTO EMPLOYEES(EMPLOYEE_ID,NAME,HIRE_DATE,SALARY) VALUES (20030,'Julie Barber',convert(DATETIME, '2018.5.25',102),104000);
INSERT INTO EMPLOYEES(EMPLOYEE_ID,NAME,HIRE_DATE,SALARY) VALUES (20031,'Rahim Bell',convert(DATETIME, '2015.3.10',102),70000);
INSERT INTO EMPLOYEES(EMPLOYEE_ID,NAME,HIRE_DATE,SALARY) VALUES (20032,'Shae Pritchard',convert(DATETIME, '2008.8.16',102),94000);
INSERT INTO EMPLOYEES(EMPLOYEE_ID,NAME,HIRE_DATE,SALARY) VALUES (20033,'Daisy Contreras',convert(DATETIME, '2013.6.3',102),104000);
INSERT INTO EMPLOYEES(EMPLOYEE_ID,NAME,HIRE_DATE,SALARY) VALUES (20034,'Leja Blair',convert(DATETIME, '2014.4.9',102),114000);
INSERT INTO EMPLOYEES(EMPLOYEE_ID,NAME,HIRE_DATE,SALARY) VALUES (20035,'Sinead Freeman',convert(DATETIME, '2008.3.3',102),108000);
INSERT INTO EMPLOYEES(EMPLOYEE_ID,NAME,HIRE_DATE,SALARY) VALUES (20036,'Lacie Coleman',convert(DATETIME, '2011.6.18',102),134000);
INSERT INTO EMPLOYEES(EMPLOYEE_ID,NAME,HIRE_DATE,SALARY) VALUES (20037,'Joe Plant',convert(DATETIME, '2006.6.11',102),108000);
INSERT INTO EMPLOYEES(EMPLOYEE_ID,NAME,HIRE_DATE,SALARY) VALUES (20038,'Hasnain Bowman',convert(DATETIME, '2018.10.21',102),73000);
INSERT INTO EMPLOYEES(EMPLOYEE_ID,NAME,HIRE_DATE,SALARY) VALUES (20039,'Britany Bate',convert(DATETIME, '2015.3.8',102),81000);
INSERT INTO EMPLOYEES(EMPLOYEE_ID,NAME,HIRE_DATE,SALARY) VALUES (20040,'Cem Beattie',convert(DATETIME, '2018.5.27',102),51000);
INSERT INTO EMPLOYEES(EMPLOYEE_ID,NAME,HIRE_DATE,SALARY) VALUES (20041,'Mathew Klein',convert(DATETIME, '2007.3.8',102),61000);
INSERT INTO EMPLOYEES(EMPLOYEE_ID,NAME,HIRE_DATE,SALARY) VALUES (20042,'Ranveer Marshall',convert(DATETIME, '2015.4.25',102),146000);
INSERT INTO EMPLOYEES(EMPLOYEE_ID,NAME,HIRE_DATE,SALARY) VALUES (20043,'Anisa Hogg',convert(DATETIME, '2009.11.13',102),140000);
INSERT INTO EMPLOYEES(EMPLOYEE_ID,NAME,HIRE_DATE,SALARY) VALUES (20044,'Tiana Donnelly',convert(DATETIME, '2011.10.21',102),96000);
INSERT INTO EMPLOYEES(EMPLOYEE_ID,NAME,HIRE_DATE,SALARY) VALUES (20045,'Scarlett Butler',convert(DATETIME, '2012.9.8',102),75000);
INSERT INTO EMPLOYEES(EMPLOYEE_ID,NAME,HIRE_DATE,SALARY) VALUES (20046,'Rosemarie Barrett',convert(DATETIME, '2002.2.15',102),136000);
INSERT INTO EMPLOYEES(EMPLOYEE_ID,NAME,HIRE_DATE,SALARY) VALUES (20047,'Ali Major',convert(DATETIME, '2019.4.21',102),94000);
INSERT INTO EMPLOYEES(EMPLOYEE_ID,NAME,HIRE_DATE,SALARY) VALUES (20048,'Tracey Redman',convert(DATETIME, '2008.8.21',102),53000);
INSERT INTO EMPLOYEES(EMPLOYEE_ID,NAME,HIRE_DATE,SALARY) VALUES (20049,'Tasmin Kemp',convert(DATETIME, '2011.9.16',102),113000);
INSERT INTO EMPLOYEES(EMPLOYEE_ID,NAME,HIRE_DATE,SALARY) VALUES (20050,'Nikolas Church',convert(DATETIME, '2017.9.25',102),121000);
INSERT INTO EMPLOYEES(EMPLOYEE_ID,NAME,HIRE_DATE,SALARY) VALUES (20051,'Dev Daugherty',convert(DATETIME, '2016.4.27',102),128000);
INSERT INTO EMPLOYEES(EMPLOYEE_ID,NAME,HIRE_DATE,SALARY) VALUES (20052,'Jillian Downes',convert(DATETIME, '2006.3.10',102),79000);
INSERT INTO EMPLOYEES(EMPLOYEE_ID,NAME,HIRE_DATE,SALARY) VALUES (20053,'Corrie Carroll',convert(DATETIME, '2017.10.16',102),107000);
INSERT INTO EMPLOYEES(EMPLOYEE_ID,NAME,HIRE_DATE,SALARY) VALUES (20054,'Veer Parrish',convert(DATETIME, '2017.6.3',102),86000);
INSERT INTO EMPLOYEES(EMPLOYEE_ID,NAME,HIRE_DATE,SALARY) VALUES (20055,'Nikola Hess',convert(DATETIME, '2019.6.9',102),107000);
INSERT INTO EMPLOYEES(EMPLOYEE_ID,NAME,HIRE_DATE,SALARY) VALUES (20056,'Maddox Benton',convert(DATETIME, '2015.11.8',102),141000);
INSERT INTO EMPLOYEES(EMPLOYEE_ID,NAME,HIRE_DATE,SALARY) VALUES (20057,'Seamus Clements',convert(DATETIME, '2003.6.2',102),128000);
INSERT INTO EMPLOYEES(EMPLOYEE_ID,NAME,HIRE_DATE,SALARY) VALUES (20058,'Amelia',convert(DATETIME, '2009.3.26',102),149000);
INSERT INTO EMPLOYEES(EMPLOYEE_ID,NAME,HIRE_DATE,SALARY) VALUES (20059,'Livia Carr',convert(DATETIME, '2007.11.24',102),150000);
INSERT INTO EMPLOYEES(EMPLOYEE_ID,NAME,HIRE_DATE,SALARY) VALUES (20060,'Eoin Baker',convert(DATETIME, '2011.4.25',102),115000);
INSERT INTO EMPLOYEES(EMPLOYEE_ID,NAME,HIRE_DATE,SALARY) VALUES (20061,'Kendrick Townsend',convert(DATETIME, '2008.12.23',102),83000);
INSERT INTO EMPLOYEES(EMPLOYEE_ID,NAME,HIRE_DATE,SALARY) VALUES (20062,'Ishaq Ryan',convert(DATETIME, '2010.5.21',102),86000);
INSERT INTO EMPLOYEES(EMPLOYEE_ID,NAME,HIRE_DATE,SALARY) VALUES (20063,'Darlene Stephenson',convert(DATETIME, '2008.12.7',102),150000);
INSERT INTO EMPLOYEES(EMPLOYEE_ID,NAME,HIRE_DATE,SALARY) VALUES (20064,'Lorelai Patton',convert(DATETIME, '2017.6.1',102),80000);
INSERT INTO EMPLOYEES(EMPLOYEE_ID,NAME,HIRE_DATE,SALARY) VALUES (20065,'Lily Pearce',convert(DATETIME, '2002.5.11',102),73000);
INSERT INTO EMPLOYEES(EMPLOYEE_ID,NAME,HIRE_DATE,SALARY) VALUES (20066,'Maxime Hodge',convert(DATETIME, '2019.1.24',102),99000);
INSERT INTO EMPLOYEES(EMPLOYEE_ID,NAME,HIRE_DATE,SALARY) VALUES (20067,'Jevan Cole',convert(DATETIME, '2008.10.22',102),82000);
INSERT INTO EMPLOYEES(EMPLOYEE_ID,NAME,HIRE_DATE,SALARY) VALUES (20068,'Amayah Fraser',convert(DATETIME, '2019.11.12',102),65000);
INSERT INTO EMPLOYEES(EMPLOYEE_ID,NAME,HIRE_DATE,SALARY) VALUES (20069,'Chloe',convert(DATETIME, '2017.8.28',102),64000);
INSERT INTO EMPLOYEES(EMPLOYEE_ID,NAME,HIRE_DATE,SALARY) VALUES (20070,'Amiyah Macdonald',convert(DATETIME, '2017.1.14',102),110000);
INSERT INTO EMPLOYEES(EMPLOYEE_ID,NAME,HIRE_DATE,SALARY) VALUES (20071,'Niko Garrison',convert(DATETIME, '2004.4.25',102),78000);
INSERT INTO EMPLOYEES(EMPLOYEE_ID,NAME,HIRE_DATE,SALARY) VALUES (20072,'Kayan Mccullough',convert(DATETIME, '2004.6.20',102),79000);
INSERT INTO EMPLOYEES(EMPLOYEE_ID,NAME,HIRE_DATE,SALARY) VALUES (20073,'Dominykas Woodard',convert(DATETIME, '2015.9.5',102),96000);
INSERT INTO EMPLOYEES(EMPLOYEE_ID,NAME,HIRE_DATE,SALARY) VALUES (20074,'Noah Morse',convert(DATETIME, '2017.6.12',102),89000);
INSERT INTO EMPLOYEES(EMPLOYEE_ID,NAME,HIRE_DATE,SALARY) VALUES (20075,'Perry Owens',convert(DATETIME, '2007.3.5',102),137000);
INSERT INTO EMPLOYEES(EMPLOYEE_ID,NAME,HIRE_DATE,SALARY) VALUES (20076,'Hussain Wormald',convert(DATETIME, '2010.2.17',102),94000);
INSERT INTO EMPLOYEES(EMPLOYEE_ID,NAME,HIRE_DATE,SALARY) VALUES (20077,'Anton Larsen',convert(DATETIME, '2003.6.12',102),87000);
INSERT INTO EMPLOYEES(EMPLOYEE_ID,NAME,HIRE_DATE,SALARY) VALUES (20078,'Misha Gibbons',convert(DATETIME, '2011.5.16',102),112000);
INSERT INTO EMPLOYEES(EMPLOYEE_ID,NAME,HIRE_DATE,SALARY) VALUES (20079,'Sylvia Clarke',convert(DATETIME, '2011.1.6',102),60000);
INSERT INTO EMPLOYEES(EMPLOYEE_ID,NAME,HIRE_DATE,SALARY) VALUES (20080,'Bear Swift',convert(DATETIME, '2015.11.10',102),97000);
INSERT INTO EMPLOYEES(EMPLOYEE_ID,NAME,HIRE_DATE,SALARY) VALUES (20081,'Darci Howe',convert(DATETIME, '2014.12.16',102),87000);
INSERT INTO EMPLOYEES(EMPLOYEE_ID,NAME,HIRE_DATE,SALARY) VALUES (20082,'Maxine Harrington',convert(DATETIME, '2008.7.17',102),85000);
INSERT INTO EMPLOYEES(EMPLOYEE_ID,NAME,HIRE_DATE,SALARY) VALUES (20083,'Conall Yu',convert(DATETIME, '2008.11.3',102),56000);
INSERT INTO EMPLOYEES(EMPLOYEE_ID,NAME,HIRE_DATE,SALARY) VALUES (20084,'Avaya Vasquez',convert(DATETIME, '2008.3.2',102),82000);
INSERT INTO EMPLOYEES(EMPLOYEE_ID,NAME,HIRE_DATE,SALARY) VALUES (20085,'Shay Macias',convert(DATETIME, '2004.2.14',102),67000);
INSERT INTO EMPLOYEES(EMPLOYEE_ID,NAME,HIRE_DATE,SALARY) VALUES (20086,'Donnie Matthews',convert(DATETIME, '2007.6.13',102),107000);
INSERT INTO EMPLOYEES(EMPLOYEE_ID,NAME,HIRE_DATE,SALARY) VALUES (20087,'Shanae Proctor',convert(DATETIME, '2002.10.10',102),138000);
INSERT INTO EMPLOYEES(EMPLOYEE_ID,NAME,HIRE_DATE,SALARY) VALUES (20088,'Ismaeel Williamson',convert(DATETIME, '2013.7.11',102),97000);
INSERT INTO EMPLOYEES(EMPLOYEE_ID,NAME,HIRE_DATE,SALARY) VALUES (20089,'Cain Medrano',convert(DATETIME, '2019.11.27',102),141000);
INSERT INTO EMPLOYEES(EMPLOYEE_ID,NAME,HIRE_DATE,SALARY) VALUES (20090,'Kobe Philip',convert(DATETIME, '2015.2.18',102),124000);
INSERT INTO EMPLOYEES(EMPLOYEE_ID,NAME,HIRE_DATE,SALARY) VALUES (20091,'Muskaan Odonnell',convert(DATETIME, '2002.11.20',102),139000);
INSERT INTO EMPLOYEES(EMPLOYEE_ID,NAME,HIRE_DATE,SALARY) VALUES (20092,'Deborah Deleon',convert(DATETIME, '2011.11.5',102),118000);
INSERT INTO EMPLOYEES(EMPLOYEE_ID,NAME,HIRE_DATE,SALARY) VALUES (20093,'Carter Hahn',convert(DATETIME, '2003.10.8',102),83000);
INSERT INTO EMPLOYEES(EMPLOYEE_ID,NAME,HIRE_DATE,SALARY) VALUES (20094,'Jack Burgess',convert(DATETIME, '2015.6.9',102),142000);
INSERT INTO EMPLOYEES(EMPLOYEE_ID,NAME,HIRE_DATE,SALARY) VALUES (20095,'Safiyah Sanderson',convert(DATETIME, '2019.11.23',102),55000);
INSERT INTO EMPLOYEES(EMPLOYEE_ID,NAME,HIRE_DATE,SALARY) VALUES (20096,'Shannon Richmond',convert(DATETIME, '2012.12.25',102),84000);
INSERT INTO EMPLOYEES(EMPLOYEE_ID,NAME,HIRE_DATE,SALARY) VALUES (20097,'Tallulah Rose',convert(DATETIME, '2018.4.3',102),73000);
INSERT INTO EMPLOYEES(EMPLOYEE_ID,NAME,HIRE_DATE,SALARY) VALUES (20098,'Roseanna Douglas',convert(DATETIME, '2005.4.17',102),86000);
INSERT INTO EMPLOYEES(EMPLOYEE_ID,NAME,HIRE_DATE,SALARY) VALUES (20099,'Cheryl Handley',convert(DATETIME, '2015.6.13',102),84000);
INSERT INTO EMPLOYEES(EMPLOYEE_ID,NAME,HIRE_DATE,SALARY) VALUES (20100,'Lynn Hebert',convert(DATETIME, '2009.4.25',102),74000);
INSERT INTO EMPLOYEES(EMPLOYEE_ID,NAME,HIRE_DATE,SALARY) VALUES (20101,'Olive Moore',convert(DATETIME, '2014.6.12',102),63000);
INSERT INTO EMPLOYEES(EMPLOYEE_ID,NAME,HIRE_DATE,SALARY) VALUES (20102,'Milana Richard',convert(DATETIME, '2016.7.13',102),60000);
INSERT INTO EMPLOYEES(EMPLOYEE_ID,NAME,HIRE_DATE,SALARY) VALUES (20103,'Mildred Turnbull',convert(DATETIME, '2006.1.21',102),75000);
INSERT INTO EMPLOYEES(EMPLOYEE_ID,NAME,HIRE_DATE,SALARY) VALUES (20104,'Alexandros Clifford',convert(DATETIME, '2014.10.22',102),148000);
INSERT INTO EMPLOYEES(EMPLOYEE_ID,NAME,HIRE_DATE,SALARY) VALUES (20105,'Anjali Dunne',convert(DATETIME, '2012.11.8',102),84000);
INSERT INTO EMPLOYEES(EMPLOYEE_ID,NAME,HIRE_DATE,SALARY) VALUES (20106,'Keiran Mccall',convert(DATETIME, '2003.6.17',102),147000);
INSERT INTO EMPLOYEES(EMPLOYEE_ID,NAME,HIRE_DATE,SALARY) VALUES (20107,'Bentley Morris',convert(DATETIME, '2012.1.4',102),121000);
INSERT INTO EMPLOYEES(EMPLOYEE_ID,NAME,HIRE_DATE,SALARY) VALUES (20108,'Ishika Horn',convert(DATETIME, '2017.1.15',102),148000);
INSERT INTO EMPLOYEES(EMPLOYEE_ID,NAME,HIRE_DATE,SALARY) VALUES (20109,'Anastasia Hudson',convert(DATETIME, '2010.1.10',102),82000);
INSERT INTO EMPLOYEES(EMPLOYEE_ID,NAME,HIRE_DATE,SALARY) VALUES (20110,'Malakai Vance',convert(DATETIME, '2013.3.7',102),113000);
INSERT INTO EMPLOYEES(EMPLOYEE_ID,NAME,HIRE_DATE,SALARY) VALUES (20111,'Mea Craig',convert(DATETIME, '2017.9.19',102),73000);
INSERT INTO EMPLOYEES(EMPLOYEE_ID,NAME,HIRE_DATE,SALARY) VALUES (20112,'Hussain Michael',convert(DATETIME, '2011.4.26',102),107000);
INSERT INTO EMPLOYEES(EMPLOYEE_ID,NAME,HIRE_DATE,SALARY) VALUES (20113,'Aizah Dawson',convert(DATETIME, '2013.9.7',102),138000);
INSERT INTO EMPLOYEES(EMPLOYEE_ID,NAME,HIRE_DATE,SALARY) VALUES (20114,'Muneeb Wilder',convert(DATETIME, '2003.10.22',102),100000);
INSERT INTO EMPLOYEES(EMPLOYEE_ID,NAME,HIRE_DATE,SALARY) VALUES (20115,'Tammy Nicholls',convert(DATETIME, '2007.6.18',102),107000);
INSERT INTO EMPLOYEES(EMPLOYEE_ID,NAME,HIRE_DATE,SALARY) VALUES (20116,'Floyd Mccarthy',convert(DATETIME, '2013.1.21',102),66000);
INSERT INTO EMPLOYEES(EMPLOYEE_ID,NAME,HIRE_DATE,SALARY) VALUES (20117,'Pierre Serrano',convert(DATETIME, '2007.3.19',102),107000);
INSERT INTO EMPLOYEES(EMPLOYEE_ID,NAME,HIRE_DATE,SALARY) VALUES (20118,'Jadon Prince',convert(DATETIME, '2008.3.13',102),78000);
INSERT INTO EMPLOYEES(EMPLOYEE_ID,NAME,HIRE_DATE,SALARY) VALUES (20119,'Ernest Cotton',convert(DATETIME, '2006.1.10',102),73000);
INSERT INTO EMPLOYEES(EMPLOYEE_ID,NAME,HIRE_DATE,SALARY) VALUES (20120,'Ruairidh Allen',convert(DATETIME, '2010.10.10',102),90000);
INSERT INTO EMPLOYEES(EMPLOYEE_ID,NAME,HIRE_DATE,SALARY) VALUES (20121,'Paul Paul',convert(DATETIME, '2009.6.17',102),65000);
INSERT INTO EMPLOYEES(EMPLOYEE_ID,NAME,HIRE_DATE,SALARY) VALUES (20122,'Jannat Quinn',convert(DATETIME, '2002.2.25',102),130000);
INSERT INTO EMPLOYEES(EMPLOYEE_ID,NAME,HIRE_DATE,SALARY) VALUES (20123,'Mitchell Thatcher',convert(DATETIME, '2014.7.17',102),69000);
INSERT INTO EMPLOYEES(EMPLOYEE_ID,NAME,HIRE_DATE,SALARY) VALUES (20124,'Abdur Giles',convert(DATETIME, '2006.2.26',102),149000);
INSERT INTO EMPLOYEES(EMPLOYEE_ID,NAME,HIRE_DATE,SALARY) VALUES (20125,'Diogo Alford',convert(DATETIME, '2019.2.16',102),136000);
INSERT INTO EMPLOYEES(EMPLOYEE_ID,NAME,HIRE_DATE,SALARY) VALUES (20126,'Lorena Little',convert(DATETIME, '2017.5.8',102),65000);
INSERT INTO EMPLOYEES(EMPLOYEE_ID,NAME,HIRE_DATE,SALARY) VALUES (20127,'Aviana Hansen',convert(DATETIME, '2004.9.12',102),114000);
INSERT INTO EMPLOYEES(EMPLOYEE_ID,NAME,HIRE_DATE,SALARY) VALUES (20128,'Amira Hayward',convert(DATETIME, '2011.12.14',102),121000);
INSERT INTO EMPLOYEES(EMPLOYEE_ID,NAME,HIRE_DATE,SALARY) VALUES (20129,'Alton Yang',convert(DATETIME, '2014.2.18',102),137000);
INSERT INTO EMPLOYEES(EMPLOYEE_ID,NAME,HIRE_DATE,SALARY) VALUES (20130,'Rohaan Frye',convert(DATETIME, '2002.8.16',102),141000);
INSERT INTO EMPLOYEES(EMPLOYEE_ID,NAME,HIRE_DATE,SALARY) VALUES (20131,'Cecil Romero',convert(DATETIME, '2018.2.19',102),95000);
INSERT INTO EMPLOYEES(EMPLOYEE_ID,NAME,HIRE_DATE,SALARY) VALUES (20132,'Adam Mendez',convert(DATETIME, '2004.1.6',102),121000);
INSERT INTO EMPLOYEES(EMPLOYEE_ID,NAME,HIRE_DATE,SALARY) VALUES (20133,'Shanay Barrett',convert(DATETIME, '2003.10.23',102),77000);
INSERT INTO EMPLOYEES(EMPLOYEE_ID,NAME,HIRE_DATE,SALARY) VALUES (20134,'Zeshan Bostock',convert(DATETIME, '2002.10.24',102),66000);
INSERT INTO EMPLOYEES(EMPLOYEE_ID,NAME,HIRE_DATE,SALARY) VALUES (20135,'Asim Small',convert(DATETIME, '2010.5.3',102),143000);
INSERT INTO EMPLOYEES(EMPLOYEE_ID,NAME,HIRE_DATE,SALARY) VALUES (20136,'Sia Lees',convert(DATETIME, '2013.8.7',102),53000);
INSERT INTO EMPLOYEES(EMPLOYEE_ID,NAME,HIRE_DATE,SALARY) VALUES (20137,'Lillie',convert(DATETIME, '2016.12.26',102),138000);
INSERT INTO EMPLOYEES(EMPLOYEE_ID,NAME,HIRE_DATE,SALARY) VALUES (20138,'Marianne Mullen',convert(DATETIME, '2002.1.15',102),136000);
INSERT INTO EMPLOYEES(EMPLOYEE_ID,NAME,HIRE_DATE,SALARY) VALUES (20139,'Damien Cope',convert(DATETIME, '2007.2.2',102),93000);
INSERT INTO EMPLOYEES(EMPLOYEE_ID,NAME,HIRE_DATE,SALARY) VALUES (20140,'Elis Olson',convert(DATETIME, '2014.1.22',102),78000);
INSERT INTO EMPLOYEES(EMPLOYEE_ID,NAME,HIRE_DATE,SALARY) VALUES (20141,'Aysha Farmer',convert(DATETIME, '2019.4.10',102),81000);
INSERT INTO EMPLOYEES(EMPLOYEE_ID,NAME,HIRE_DATE,SALARY) VALUES (20142,'Zaine Santos',convert(DATETIME, '2005.4.5',102),103000);
INSERT INTO EMPLOYEES(EMPLOYEE_ID,NAME,HIRE_DATE,SALARY) VALUES (20143,'Mayson Nairn',convert(DATETIME, '2009.5.20',102),103000);
INSERT INTO EMPLOYEES(EMPLOYEE_ID,NAME,HIRE_DATE,SALARY) VALUES (20144,'Donnie Cartwright',convert(DATETIME, '2016.2.17',102),56000);
INSERT INTO EMPLOYEES(EMPLOYEE_ID,NAME,HIRE_DATE,SALARY) VALUES (20145,'Amber',convert(DATETIME, '2003.10.27',102),51000);
INSERT INTO EMPLOYEES(EMPLOYEE_ID,NAME,HIRE_DATE,SALARY) VALUES (20146,'Lindsey Andrade',convert(DATETIME, '2013.1.27',102),116000);
INSERT INTO EMPLOYEES(EMPLOYEE_ID,NAME,HIRE_DATE,SALARY) VALUES (20147,'Klara Burn',convert(DATETIME, '2015.2.11',102),79000);
INSERT INTO EMPLOYEES(EMPLOYEE_ID,NAME,HIRE_DATE,SALARY) VALUES (20148,'Kerys Sutherland',convert(DATETIME, '2016.6.6',102),70000);
INSERT INTO EMPLOYEES(EMPLOYEE_ID,NAME,HIRE_DATE,SALARY) VALUES (20149,'Iman Sweeney',convert(DATETIME, '2013.6.5',102),91000);
INSERT INTO EMPLOYEES(EMPLOYEE_ID,NAME,HIRE_DATE,SALARY) VALUES (20150,'Kobie Pemberton',convert(DATETIME, '2012.1.14',102),134000);
INSERT INTO EMPLOYEES(EMPLOYEE_ID,NAME,HIRE_DATE,SALARY) VALUES (30001,'Abbie Moore',convert(DATETIME, '2006.3.9',102),48000);
INSERT INTO EMPLOYEES(EMPLOYEE_ID,NAME,HIRE_DATE,SALARY) VALUES (30002,'Samia Ewing',convert(DATETIME, '2007.1.22',102),44000);
INSERT INTO EMPLOYEES(EMPLOYEE_ID,NAME,HIRE_DATE,SALARY) VALUES (30003,'Keiren Cottrell',convert(DATETIME, '2015.3.22',102),26000);
INSERT INTO EMPLOYEES(EMPLOYEE_ID,NAME,HIRE_DATE,SALARY) VALUES (30004,'Eugene Ramsay',convert(DATETIME, '2002.12.23',102),25000);
INSERT INTO EMPLOYEES(EMPLOYEE_ID,NAME,HIRE_DATE,SALARY) VALUES (30005,'Seamus Hampton',convert(DATETIME, '2008.7.2',102),31000);
INSERT INTO EMPLOYEES(EMPLOYEE_ID,NAME,HIRE_DATE,SALARY) VALUES (30006,'Jean Baxter',convert(DATETIME, '2016.9.3',102),33000);
INSERT INTO EMPLOYEES(EMPLOYEE_ID,NAME,HIRE_DATE,SALARY) VALUES (30007,'Gene Reilly',convert(DATETIME, '2013.10.18',102),27000);
INSERT INTO EMPLOYEES(EMPLOYEE_ID,NAME,HIRE_DATE,SALARY) VALUES (30008,'Samual Couch',convert(DATETIME, '2008.5.11',102),36000);
INSERT INTO EMPLOYEES(EMPLOYEE_ID,NAME,HIRE_DATE,SALARY) VALUES (30009,'Louisa Parkes',convert(DATETIME, '2011.3.19',102),45000);
INSERT INTO EMPLOYEES(EMPLOYEE_ID,NAME,HIRE_DATE,SALARY) VALUES (30010,'Sammy',convert(DATETIME, '2015.10.4',102),39000);
INSERT INTO EMPLOYEES(EMPLOYEE_ID,NAME,HIRE_DATE,SALARY) VALUES (30011,'Nel Oneal',convert(DATETIME, '2012.2.23',102),43000);
INSERT INTO EMPLOYEES(EMPLOYEE_ID,NAME,HIRE_DATE,SALARY) VALUES (30012,'Nyla Mcnally',convert(DATETIME, '2009.4.6',102),47000);
INSERT INTO EMPLOYEES(EMPLOYEE_ID,NAME,HIRE_DATE,SALARY) VALUES (30013,'Jaxon Black',convert(DATETIME, '2005.1.13',102),26000);
INSERT INTO EMPLOYEES(EMPLOYEE_ID,NAME,HIRE_DATE,SALARY) VALUES (30014,'Clarice Mcgowan',convert(DATETIME, '2003.11.13',102),33000);
INSERT INTO EMPLOYEES(EMPLOYEE_ID,NAME,HIRE_DATE,SALARY) VALUES (30015,'Aarron Beard',convert(DATETIME, '2007.2.6',102),47000);
INSERT INTO EMPLOYEES(EMPLOYEE_ID,NAME,HIRE_DATE,SALARY) VALUES (30016,'Enid Villegas',convert(DATETIME, '2018.10.2',102),21000);
INSERT INTO EMPLOYEES(EMPLOYEE_ID,NAME,HIRE_DATE,SALARY) VALUES (30017,'Caitlyn Salt',convert(DATETIME, '2003.10.28',102),39000);
INSERT INTO EMPLOYEES(EMPLOYEE_ID,NAME,HIRE_DATE,SALARY) VALUES (30018,'Ellie',convert(DATETIME, '2014.11.22',102),43000);
INSERT INTO EMPLOYEES(EMPLOYEE_ID,NAME,HIRE_DATE,SALARY) VALUES (30019,'Bernadette Trujillo',convert(DATETIME, '2015.11.15',102),24000);
INSERT INTO EMPLOYEES(EMPLOYEE_ID,NAME,HIRE_DATE,SALARY) VALUES (30020,'Humairaa Pennington',convert(DATETIME, '2008.10.18',102),29000);
INSERT INTO EMPLOYEES(EMPLOYEE_ID,NAME,HIRE_DATE,SALARY) VALUES (30021,'Jevan Bourne',convert(DATETIME, '2002.6.22',102),21000);
INSERT INTO EMPLOYEES(EMPLOYEE_ID,NAME,HIRE_DATE,SALARY) VALUES (30022,'Stacy Cooley',convert(DATETIME, '2015.6.8',102),23000);
INSERT INTO EMPLOYEES(EMPLOYEE_ID,NAME,HIRE_DATE,SALARY) VALUES (30023,'Aya North',convert(DATETIME, '2010.12.2',102),25000);
INSERT INTO EMPLOYEES(EMPLOYEE_ID,NAME,HIRE_DATE,SALARY) VALUES (30024,'Miller Church',convert(DATETIME, '2010.12.6',102),35000);
INSERT INTO EMPLOYEES(EMPLOYEE_ID,NAME,HIRE_DATE,SALARY) VALUES (30025,'Lilly',convert(DATETIME, '2005.3.26',102),25000);
INSERT INTO EMPLOYEES(EMPLOYEE_ID,NAME,HIRE_DATE,SALARY) VALUES (30026,'Campbell Paterson',convert(DATETIME, '2019.6.17',102),36000);
INSERT INTO EMPLOYEES(EMPLOYEE_ID,NAME,HIRE_DATE,SALARY) VALUES (30027,'Abel Kline',convert(DATETIME, '2012.6.19',102),42000);
INSERT INTO EMPLOYEES(EMPLOYEE_ID,NAME,HIRE_DATE,SALARY) VALUES (30028,'Arfa Walton',convert(DATETIME, '2006.3.18',102),31000);
INSERT INTO EMPLOYEES(EMPLOYEE_ID,NAME,HIRE_DATE,SALARY) VALUES (30029,'Jess Hicks',convert(DATETIME, '2017.6.18',102),31000);
INSERT INTO EMPLOYEES(EMPLOYEE_ID,NAME,HIRE_DATE,SALARY) VALUES (30030,'Mira Bate',convert(DATETIME, '2004.3.10',102),31000);
INSERT INTO EMPLOYEES(EMPLOYEE_ID,NAME,HIRE_DATE,SALARY) VALUES (30031,'Miranda Mcclure',convert(DATETIME, '2018.7.26',102),25000);
INSERT INTO EMPLOYEES(EMPLOYEE_ID,NAME,HIRE_DATE,SALARY) VALUES (30032,'Kynan Weiss',convert(DATETIME, '2007.10.8',102),43000);
INSERT INTO EMPLOYEES(EMPLOYEE_ID,NAME,HIRE_DATE,SALARY) VALUES (30033,'Riley',convert(DATETIME, '2015.10.5',102),37000);
INSERT INTO EMPLOYEES(EMPLOYEE_ID,NAME,HIRE_DATE,SALARY) VALUES (30034,'Tymoteusz Delgado',convert(DATETIME, '2014.10.6',102),30000);
INSERT INTO EMPLOYEES(EMPLOYEE_ID,NAME,HIRE_DATE,SALARY) VALUES (30035,'Arvin Vaughn',convert(DATETIME, '2016.7.15',102),50000);
INSERT INTO EMPLOYEES(EMPLOYEE_ID,NAME,HIRE_DATE,SALARY) VALUES (30036,'Waqar Mcgill',convert(DATETIME, '2017.10.18',102),22000);
INSERT INTO EMPLOYEES(EMPLOYEE_ID,NAME,HIRE_DATE,SALARY) VALUES (30037,'Mikaeel Perry',convert(DATETIME, '2002.8.8',102),22000);
INSERT INTO EMPLOYEES(EMPLOYEE_ID,NAME,HIRE_DATE,SALARY) VALUES (30038,'Meera Mann',convert(DATETIME, '2012.11.26',102),30000);
INSERT INTO EMPLOYEES(EMPLOYEE_ID,NAME,HIRE_DATE,SALARY) VALUES (30039,'Billy',convert(DATETIME, '2013.8.8',102),20000);
INSERT INTO EMPLOYEES(EMPLOYEE_ID,NAME,HIRE_DATE,SALARY) VALUES (30040,'Elora Worthington',convert(DATETIME, '2002.8.28',102),34000);
INSERT INTO EMPLOYEES(EMPLOYEE_ID,NAME,HIRE_DATE,SALARY) VALUES (30041,'Nora Cortes',convert(DATETIME, '2003.10.21',102),40000);
INSERT INTO EMPLOYEES(EMPLOYEE_ID,NAME,HIRE_DATE,SALARY) VALUES (30042,'Madihah Wiley',convert(DATETIME, '2007.6.5',102),45000);
INSERT INTO EMPLOYEES(EMPLOYEE_ID,NAME,HIRE_DATE,SALARY) VALUES (30043,'Ross Healy',convert(DATETIME, '2015.6.19',102),32000);
INSERT INTO EMPLOYEES(EMPLOYEE_ID,NAME,HIRE_DATE,SALARY) VALUES (30044,'Margaret Ford',convert(DATETIME, '2009.12.13',102),32000);
INSERT INTO EMPLOYEES(EMPLOYEE_ID,NAME,HIRE_DATE,SALARY) VALUES (30045,'Kade Gould',convert(DATETIME, '2011.9.25',102),47000);
INSERT INTO EMPLOYEES(EMPLOYEE_ID,NAME,HIRE_DATE,SALARY) VALUES (30046,'Leena Macias',convert(DATETIME, '2008.11.8',102),37000);
INSERT INTO EMPLOYEES(EMPLOYEE_ID,NAME,HIRE_DATE,SALARY) VALUES (30047,'Ashlea Emerson',convert(DATETIME, '2007.3.16',102),39000);
INSERT INTO EMPLOYEES(EMPLOYEE_ID,NAME,HIRE_DATE,SALARY) VALUES (30048,'Nimra Howe',convert(DATETIME, '2018.5.16',102),36000);
INSERT INTO EMPLOYEES(EMPLOYEE_ID,NAME,HIRE_DATE,SALARY) VALUES (30049,'Cheryl Rodriguez',convert(DATETIME, '2013.6.14',102),23000);
INSERT INTO EMPLOYEES(EMPLOYEE_ID,NAME,HIRE_DATE,SALARY) VALUES (30050,'Darci Vazquez',convert(DATETIME, '2003.3.27',102),25000);
INSERT INTO EMPLOYEES(EMPLOYEE_ID,NAME,HIRE_DATE,SALARY) VALUES (30051,'Zeshan Kouma',convert(DATETIME, '2011.1.13',102),20000);
INSERT INTO EMPLOYEES(EMPLOYEE_ID,NAME,HIRE_DATE,SALARY) VALUES (30052,'Jai Neale',convert(DATETIME, '2002.1.8',102),21000);
INSERT INTO EMPLOYEES(EMPLOYEE_ID,NAME,HIRE_DATE,SALARY) VALUES (30053,'Diya Schaefer',convert(DATETIME, '2005.8.15',102),39000);
INSERT INTO EMPLOYEES(EMPLOYEE_ID,NAME,HIRE_DATE,SALARY) VALUES (30054,'Scarlett',convert(DATETIME, '2016.8.15',102),37000);
INSERT INTO EMPLOYEES(EMPLOYEE_ID,NAME,HIRE_DATE,SALARY) VALUES (30055,'Darrell Horner',convert(DATETIME, '2006.9.18',102),41000);
INSERT INTO EMPLOYEES(EMPLOYEE_ID,NAME,HIRE_DATE,SALARY) VALUES (30056,'Russell Reyna',convert(DATETIME, '2002.2.21',102),26000);
INSERT INTO EMPLOYEES(EMPLOYEE_ID,NAME,HIRE_DATE,SALARY) VALUES (30057,'Harley Wolfe',convert(DATETIME, '2007.5.8',102),32000);
INSERT INTO EMPLOYEES(EMPLOYEE_ID,NAME,HIRE_DATE,SALARY) VALUES (30058,'Kaylum Cresswell',convert(DATETIME, '2017.10.21',102),27000);
INSERT INTO EMPLOYEES(EMPLOYEE_ID,NAME,HIRE_DATE,SALARY) VALUES (30059,'Jordanne Blankenship',convert(DATETIME, '2016.6.19',102),49000);
INSERT INTO EMPLOYEES(EMPLOYEE_ID,NAME,HIRE_DATE,SALARY) VALUES (30060,'Haidar Wagstaff',convert(DATETIME, '2018.7.2',102),25000);
INSERT INTO EMPLOYEES(EMPLOYEE_ID,NAME,HIRE_DATE,SALARY) VALUES (30061,'Melissa Curran',convert(DATETIME, '2009.9.27',102),30000);
INSERT INTO EMPLOYEES(EMPLOYEE_ID,NAME,HIRE_DATE,SALARY) VALUES (30062,'Niall Gough',convert(DATETIME, '2013.2.6',102),40000);
INSERT INTO EMPLOYEES(EMPLOYEE_ID,NAME,HIRE_DATE,SALARY) VALUES (30063,'Andrea Searle',convert(DATETIME, '2014.4.6',102),35000);
INSERT INTO EMPLOYEES(EMPLOYEE_ID,NAME,HIRE_DATE,SALARY) VALUES (30064,'Anthony Mccabe',convert(DATETIME, '2013.10.6',102),29000);
INSERT INTO EMPLOYEES(EMPLOYEE_ID,NAME,HIRE_DATE,SALARY) VALUES (30065,'Aila Potts',convert(DATETIME, '2011.3.18',102),23000);
INSERT INTO EMPLOYEES(EMPLOYEE_ID,NAME,HIRE_DATE,SALARY) VALUES (30066,'Dorian Ellis',convert(DATETIME, '2003.6.26',102),32000);
INSERT INTO EMPLOYEES(EMPLOYEE_ID,NAME,HIRE_DATE,SALARY) VALUES (30067,'Azra Mccaffrey',convert(DATETIME, '2005.6.7',102),48000);
INSERT INTO EMPLOYEES(EMPLOYEE_ID,NAME,HIRE_DATE,SALARY) VALUES (30068,'Korben Holloway',convert(DATETIME, '2005.5.4',102),21000);
INSERT INTO EMPLOYEES(EMPLOYEE_ID,NAME,HIRE_DATE,SALARY) VALUES (30069,'Arissa Moyer',convert(DATETIME, '2007.10.23',102),36000);
INSERT INTO EMPLOYEES(EMPLOYEE_ID,NAME,HIRE_DATE,SALARY) VALUES (30070,'Sarah',convert(DATETIME, '2006.5.5',102),33000);
INSERT INTO EMPLOYEES(EMPLOYEE_ID,NAME,HIRE_DATE,SALARY) VALUES (30071,'Benas Rigby',convert(DATETIME, '2013.6.6',102),47000);
INSERT INTO EMPLOYEES(EMPLOYEE_ID,NAME,HIRE_DATE,SALARY) VALUES (30072,'Ezra Marks',convert(DATETIME, '2002.7.27',102),23000);
INSERT INTO EMPLOYEES(EMPLOYEE_ID,NAME,HIRE_DATE,SALARY) VALUES (30073,'Kelsey Delgado',convert(DATETIME, '2008.7.9',102),28000);
INSERT INTO EMPLOYEES(EMPLOYEE_ID,NAME,HIRE_DATE,SALARY) VALUES (30074,'Bogdan Findlay',convert(DATETIME, '2017.4.23',102),42000);
INSERT INTO EMPLOYEES(EMPLOYEE_ID,NAME,HIRE_DATE,SALARY) VALUES (30075,'Karan Whiteley',convert(DATETIME, '2006.4.1',102),21000);
INSERT INTO EMPLOYEES(EMPLOYEE_ID,NAME,HIRE_DATE,SALARY) VALUES (30076,'Tonya Grant',convert(DATETIME, '2017.6.1',102),33000);
INSERT INTO EMPLOYEES(EMPLOYEE_ID,NAME,HIRE_DATE,SALARY) VALUES (30077,'Sioned Peterson',convert(DATETIME, '2011.9.17',102),33000);
INSERT INTO EMPLOYEES(EMPLOYEE_ID,NAME,HIRE_DATE,SALARY) VALUES (30078,'Jovan Smart',convert(DATETIME, '2013.10.5',102),38000);
INSERT INTO EMPLOYEES(EMPLOYEE_ID,NAME,HIRE_DATE,SALARY) VALUES (30079,'Alexandre Foster',convert(DATETIME, '2018.4.28',102),44000);
INSERT INTO EMPLOYEES(EMPLOYEE_ID,NAME,HIRE_DATE,SALARY) VALUES (30080,'Naima Deleon',convert(DATETIME, '2005.3.10',102),24000);
INSERT INTO EMPLOYEES(EMPLOYEE_ID,NAME,HIRE_DATE,SALARY) VALUES (30081,'Tiago Bartlett',convert(DATETIME, '2004.10.6',102),37000);
INSERT INTO EMPLOYEES(EMPLOYEE_ID,NAME,HIRE_DATE,SALARY) VALUES (30082,'Jamel Torres',convert(DATETIME, '2006.2.2',102),26000);
INSERT INTO EMPLOYEES(EMPLOYEE_ID,NAME,HIRE_DATE,SALARY) VALUES (30083,'Emillie Holman',convert(DATETIME, '2004.9.10',102),31000);
INSERT INTO EMPLOYEES(EMPLOYEE_ID,NAME,HIRE_DATE,SALARY) VALUES (30084,'Celia Zimmerman',convert(DATETIME, '2016.5.11',102),43000);
INSERT INTO EMPLOYEES(EMPLOYEE_ID,NAME,HIRE_DATE,SALARY) VALUES (30085,'Faraz Graves',convert(DATETIME, '2004.5.17',102),28000);
INSERT INTO EMPLOYEES(EMPLOYEE_ID,NAME,HIRE_DATE,SALARY) VALUES (30086,'Ravi Wiley',convert(DATETIME, '2019.6.22',102),49000);
INSERT INTO EMPLOYEES(EMPLOYEE_ID,NAME,HIRE_DATE,SALARY) VALUES (30087,'Abbas Smith',convert(DATETIME, '2017.2.12',102),24000);
INSERT INTO EMPLOYEES(EMPLOYEE_ID,NAME,HIRE_DATE,SALARY) VALUES (30088,'Tilly Forrest',convert(DATETIME, '2010.5.1',102),28000);
INSERT INTO EMPLOYEES(EMPLOYEE_ID,NAME,HIRE_DATE,SALARY) VALUES (30089,'Emme Nash',convert(DATETIME, '2002.3.27',102),44000);
INSERT INTO EMPLOYEES(EMPLOYEE_ID,NAME,HIRE_DATE,SALARY) VALUES (30090,'Juniper Terrell',convert(DATETIME, '2010.2.25',102),45000);
INSERT INTO EMPLOYEES(EMPLOYEE_ID,NAME,HIRE_DATE,SALARY) VALUES (30091,'Marcos Farmer',convert(DATETIME, '2014.1.4',102),47000);
INSERT INTO EMPLOYEES(EMPLOYEE_ID,NAME,HIRE_DATE,SALARY) VALUES (30092,'Kavita Chadwick',convert(DATETIME, '2004.8.28',102),36000);
INSERT INTO EMPLOYEES(EMPLOYEE_ID,NAME,HIRE_DATE,SALARY) VALUES (30093,'Rio Stamp',convert(DATETIME, '2016.7.2',102),40000);
INSERT INTO EMPLOYEES(EMPLOYEE_ID,NAME,HIRE_DATE,SALARY) VALUES (30094,'Rebekah Gunn',convert(DATETIME, '2018.10.24',102),35000);
INSERT INTO EMPLOYEES(EMPLOYEE_ID,NAME,HIRE_DATE,SALARY) VALUES (30095,'Holly Pritchard',convert(DATETIME, '2004.8.11',102),34000);
INSERT INTO EMPLOYEES(EMPLOYEE_ID,NAME,HIRE_DATE,SALARY) VALUES (30096,'Mateo Downs',convert(DATETIME, '2002.4.18',102),30000);
INSERT INTO EMPLOYEES(EMPLOYEE_ID,NAME,HIRE_DATE,SALARY) VALUES (30097,'Martin Brookes',convert(DATETIME, '2014.11.17',102),31000);
INSERT INTO EMPLOYEES(EMPLOYEE_ID,NAME,HIRE_DATE,SALARY) VALUES (30098,'Dafydd Costa',convert(DATETIME, '2007.2.6',102),32000);
INSERT INTO EMPLOYEES(EMPLOYEE_ID,NAME,HIRE_DATE,SALARY) VALUES (30099,'Aneesha Flower',convert(DATETIME, '2003.3.17',102),41000);
INSERT INTO EMPLOYEES(EMPLOYEE_ID,NAME,HIRE_DATE,SALARY) VALUES (30100,'Tamsin Mccormick',convert(DATETIME, '2016.5.16',102),34000);
INSERT INTO EMPLOYEES(EMPLOYEE_ID,NAME,HIRE_DATE,SALARY) VALUES (30101,'Siyana Gardner',convert(DATETIME, '2017.12.2',102),43000);
INSERT INTO EMPLOYEES(EMPLOYEE_ID,NAME,HIRE_DATE,SALARY) VALUES (30102,'Abdi Redmond',convert(DATETIME, '2004.1.16',102),47000);
INSERT INTO EMPLOYEES(EMPLOYEE_ID,NAME,HIRE_DATE,SALARY) VALUES (30103,'Ruairidh Hackett',convert(DATETIME, '2015.12.12',102),32000);
INSERT INTO EMPLOYEES(EMPLOYEE_ID,NAME,HIRE_DATE,SALARY) VALUES (30104,'Anisha Kaur',convert(DATETIME, '2017.2.14',102),26000);
INSERT INTO EMPLOYEES(EMPLOYEE_ID,NAME,HIRE_DATE,SALARY) VALUES (30105,'Nolan Hewitt',convert(DATETIME, '2013.2.21',102),24000);
INSERT INTO EMPLOYEES(EMPLOYEE_ID,NAME,HIRE_DATE,SALARY) VALUES (30106,'Kade Trevino',convert(DATETIME, '2005.2.4',102),40000);
INSERT INTO EMPLOYEES(EMPLOYEE_ID,NAME,HIRE_DATE,SALARY) VALUES (30107,'Portia Castaneda',convert(DATETIME, '2012.9.23',102),50000);
INSERT INTO EMPLOYEES(EMPLOYEE_ID,NAME,HIRE_DATE,SALARY) VALUES (30108,'Alba Maynard',convert(DATETIME, '2018.1.27',102),24000);
INSERT INTO EMPLOYEES(EMPLOYEE_ID,NAME,HIRE_DATE,SALARY) VALUES (30109,'Jadene Bentley',convert(DATETIME, '2010.2.14',102),34000);
INSERT INTO EMPLOYEES(EMPLOYEE_ID,NAME,HIRE_DATE,SALARY) VALUES (30110,'Sahara Bevan',convert(DATETIME, '2011.9.11',102),48000);
INSERT INTO EMPLOYEES(EMPLOYEE_ID,NAME,HIRE_DATE,SALARY) VALUES (30111,'Jonathan Evans',convert(DATETIME, '2011.1.2',102),27000);
INSERT INTO EMPLOYEES(EMPLOYEE_ID,NAME,HIRE_DATE,SALARY) VALUES (30112,'Hajra Partridge',convert(DATETIME, '2007.4.21',102),43000);
INSERT INTO EMPLOYEES(EMPLOYEE_ID,NAME,HIRE_DATE,SALARY) VALUES (30113,'Abu Mitchell',convert(DATETIME, '2005.6.8',102),37000);
INSERT INTO EMPLOYEES(EMPLOYEE_ID,NAME,HIRE_DATE,SALARY) VALUES (30114,'Ella',convert(DATETIME, '2015.5.15',102),27000);
INSERT INTO EMPLOYEES(EMPLOYEE_ID,NAME,HIRE_DATE,SALARY) VALUES (30115,'Jobe Bassett',convert(DATETIME, '2004.12.14',102),24000);
INSERT INTO EMPLOYEES(EMPLOYEE_ID,NAME,HIRE_DATE,SALARY) VALUES (30116,'Zahid Kenny',convert(DATETIME, '2014.5.28',102),28000);
INSERT INTO EMPLOYEES(EMPLOYEE_ID,NAME,HIRE_DATE,SALARY) VALUES (30117,'Maariyah Phelps',convert(DATETIME, '2008.9.7',102),43000);
INSERT INTO EMPLOYEES(EMPLOYEE_ID,NAME,HIRE_DATE,SALARY) VALUES (30118,'Albert Robles',convert(DATETIME, '2006.1.1',102),34000);
INSERT INTO EMPLOYEES(EMPLOYEE_ID,NAME,HIRE_DATE,SALARY) VALUES (30119,'Charli Bradshaw',convert(DATETIME, '2002.5.12',102),38000);
INSERT INTO EMPLOYEES(EMPLOYEE_ID,NAME,HIRE_DATE,SALARY) VALUES (30120,'Alessio Bourne',convert(DATETIME, '2014.4.11',102),45000);
INSERT INTO EMPLOYEES(EMPLOYEE_ID,NAME,HIRE_DATE,SALARY) VALUES (30121,'Gurdeep Coates',convert(DATETIME, '2012.4.25',102),44000);
INSERT INTO EMPLOYEES(EMPLOYEE_ID,NAME,HIRE_DATE,SALARY) VALUES (30122,'Konnor Mack',convert(DATETIME, '2006.8.25',102),39000);
INSERT INTO EMPLOYEES(EMPLOYEE_ID,NAME,HIRE_DATE,SALARY) VALUES (30123,'Fathima Espinoza',convert(DATETIME, '2019.10.26',102),20000);
INSERT INTO EMPLOYEES(EMPLOYEE_ID,NAME,HIRE_DATE,SALARY) VALUES (30124,'Karina Davenport',convert(DATETIME, '2019.10.22',102),39000);
INSERT INTO EMPLOYEES(EMPLOYEE_ID,NAME,HIRE_DATE,SALARY) VALUES (30125,'Collette Rivers',convert(DATETIME, '2009.4.23',102),47000);
INSERT INTO EMPLOYEES(EMPLOYEE_ID,NAME,HIRE_DATE,SALARY) VALUES (30126,'Jamil Zavala',convert(DATETIME, '2011.5.14',102),23000);
INSERT INTO EMPLOYEES(EMPLOYEE_ID,NAME,HIRE_DATE,SALARY) VALUES (30127,'Lainey Bull',convert(DATETIME, '2017.10.18',102),25000);
INSERT INTO EMPLOYEES(EMPLOYEE_ID,NAME,HIRE_DATE,SALARY) VALUES (30128,'Kamil Parrish',convert(DATETIME, '2009.3.13',102),24000);
INSERT INTO EMPLOYEES(EMPLOYEE_ID,NAME,HIRE_DATE,SALARY) VALUES (30129,'Maya Estrada',convert(DATETIME, '2018.7.17',102),39000);
INSERT INTO EMPLOYEES(EMPLOYEE_ID,NAME,HIRE_DATE,SALARY) VALUES (30130,'Sana Fulton',convert(DATETIME, '2002.1.25',102),21000);
INSERT INTO EMPLOYEES(EMPLOYEE_ID,NAME,HIRE_DATE,SALARY) VALUES (30131,'Marcia Rowe',convert(DATETIME, '2006.6.24',102),40000);
INSERT INTO EMPLOYEES(EMPLOYEE_ID,NAME,HIRE_DATE,SALARY) VALUES (30132,'Ashlee Joseph',convert(DATETIME, '2012.9.17',102),27000);
INSERT INTO EMPLOYEES(EMPLOYEE_ID,NAME,HIRE_DATE,SALARY) VALUES (30133,'Dua Daniels',convert(DATETIME, '2019.5.19',102),25000);
INSERT INTO EMPLOYEES(EMPLOYEE_ID,NAME,HIRE_DATE,SALARY) VALUES (30134,'Duncan Banks',convert(DATETIME, '2007.1.9',102),49000);
INSERT INTO EMPLOYEES(EMPLOYEE_ID,NAME,HIRE_DATE,SALARY) VALUES (30135,'Penny Sexton',convert(DATETIME, '2004.11.18',102),34000);
INSERT INTO EMPLOYEES(EMPLOYEE_ID,NAME,HIRE_DATE,SALARY) VALUES (30136,'Jerry Arias',convert(DATETIME, '2017.10.21',102),49000);
INSERT INTO EMPLOYEES(EMPLOYEE_ID,NAME,HIRE_DATE,SALARY) VALUES (30137,'Freddy Valencia',convert(DATETIME, '2005.1.12',102),48000);
INSERT INTO EMPLOYEES(EMPLOYEE_ID,NAME,HIRE_DATE,SALARY) VALUES (30138,'Grace Forbes',convert(DATETIME, '2003.3.16',102),30000);
INSERT INTO EMPLOYEES(EMPLOYEE_ID,NAME,HIRE_DATE,SALARY) VALUES (30139,'Simona Garcia',convert(DATETIME, '2014.6.1',102),29000);
INSERT INTO EMPLOYEES(EMPLOYEE_ID,NAME,HIRE_DATE,SALARY) VALUES (30140,'Tevin Currie',convert(DATETIME, '2009.3.5',102),35000);
INSERT INTO EMPLOYEES(EMPLOYEE_ID,NAME,HIRE_DATE,SALARY) VALUES (30141,'Jacque Arroyo',convert(DATETIME, '2014.1.9',102),37000);
INSERT INTO EMPLOYEES(EMPLOYEE_ID,NAME,HIRE_DATE,SALARY) VALUES (30142,'Kaison Hutchings',convert(DATETIME, '2010.4.19',102),28000);
INSERT INTO EMPLOYEES(EMPLOYEE_ID,NAME,HIRE_DATE,SALARY) VALUES (30143,'Renee Edge',convert(DATETIME, '2007.12.15',102),33000);
INSERT INTO EMPLOYEES(EMPLOYEE_ID,NAME,HIRE_DATE,SALARY) VALUES (30144,'Rimsha Almond',convert(DATETIME, '2014.1.5',102),47000);
INSERT INTO EMPLOYEES(EMPLOYEE_ID,NAME,HIRE_DATE,SALARY) VALUES (30145,'Leyton Rosales',convert(DATETIME, '2012.1.19',102),30000);
INSERT INTO EMPLOYEES(EMPLOYEE_ID,NAME,HIRE_DATE,SALARY) VALUES (30146,'Alayah Lyon',convert(DATETIME, '2012.3.24',102),37000);
INSERT INTO EMPLOYEES(EMPLOYEE_ID,NAME,HIRE_DATE,SALARY) VALUES (30147,'Darnell Knapp',convert(DATETIME, '2019.4.16',102),22000);
INSERT INTO EMPLOYEES(EMPLOYEE_ID,NAME,HIRE_DATE,SALARY) VALUES (30148,'Trystan Harper',convert(DATETIME, '2008.4.19',102),45000);
INSERT INTO EMPLOYEES(EMPLOYEE_ID,NAME,HIRE_DATE,SALARY) VALUES (30149,'Mehmet Owens',convert(DATETIME, '2006.9.16',102),31000);
INSERT INTO EMPLOYEES(EMPLOYEE_ID,NAME,HIRE_DATE,SALARY) VALUES (30150,'Elsie Mora',convert(DATETIME, '2018.8.21',102),46000);
INSERT INTO EMPLOYEES(EMPLOYEE_ID,NAME,HIRE_DATE,SALARY) VALUES (30151,'Teri Mccartney',convert(DATETIME, '2017.1.16',102),22000);
INSERT INTO EMPLOYEES(EMPLOYEE_ID,NAME,HIRE_DATE,SALARY) VALUES (30152,'Brodie Molina',convert(DATETIME, '2005.1.2',102),30000);
INSERT INTO EMPLOYEES(EMPLOYEE_ID,NAME,HIRE_DATE,SALARY) VALUES (30153,'Paisley Cowan',convert(DATETIME, '2004.10.24',102),46000);
INSERT INTO EMPLOYEES(EMPLOYEE_ID,NAME,HIRE_DATE,SALARY) VALUES (30154,'Cali Wilkerson',convert(DATETIME, '2011.3.9',102),32000);
INSERT INTO EMPLOYEES(EMPLOYEE_ID,NAME,HIRE_DATE,SALARY) VALUES (30155,'Luc Gomez',convert(DATETIME, '2011.12.20',102),38000);
INSERT INTO EMPLOYEES(EMPLOYEE_ID,NAME,HIRE_DATE,SALARY) VALUES (30156,'Jazmine Robson',convert(DATETIME, '2013.2.10',102),44000);
INSERT INTO EMPLOYEES(EMPLOYEE_ID,NAME,HIRE_DATE,SALARY) VALUES (30157,'Mohammad Shelton',convert(DATETIME, '2009.10.26',102),23000);
INSERT INTO EMPLOYEES(EMPLOYEE_ID,NAME,HIRE_DATE,SALARY) VALUES (30158,'Ajay Odonnell',convert(DATETIME, '2010.9.16',102),43000);
INSERT INTO EMPLOYEES(EMPLOYEE_ID,NAME,HIRE_DATE,SALARY) VALUES (30159,'Juniper Bean',convert(DATETIME, '2002.7.24',102),44000);
INSERT INTO EMPLOYEES(EMPLOYEE_ID,NAME,HIRE_DATE,SALARY) VALUES (30160,'Beauden Beach',convert(DATETIME, '2005.8.10',102),48000);
INSERT INTO EMPLOYEES(EMPLOYEE_ID,NAME,HIRE_DATE,SALARY) VALUES (30161,'Xena Burgess',convert(DATETIME, '2011.9.18',102),26000);
INSERT INTO EMPLOYEES(EMPLOYEE_ID,NAME,HIRE_DATE,SALARY) VALUES (30162,'Yvonne Wheeler',convert(DATETIME, '2009.9.6',102),29000);
INSERT INTO EMPLOYEES(EMPLOYEE_ID,NAME,HIRE_DATE,SALARY) VALUES (30163,'Aayat Abbott',convert(DATETIME, '2017.12.3',102),44000);
INSERT INTO EMPLOYEES(EMPLOYEE_ID,NAME,HIRE_DATE,SALARY) VALUES (30164,'Ariah Campbell',convert(DATETIME, '2010.9.4',102),43000);
INSERT INTO EMPLOYEES(EMPLOYEE_ID,NAME,HIRE_DATE,SALARY) VALUES (30165,'Domas Callahan',convert(DATETIME, '2002.6.17',102),37000);
INSERT INTO EMPLOYEES(EMPLOYEE_ID,NAME,HIRE_DATE,SALARY) VALUES (30166,'Korey Dowling',convert(DATETIME, '2017.2.3',102),33000);
INSERT INTO EMPLOYEES(EMPLOYEE_ID,NAME,HIRE_DATE,SALARY) VALUES (30167,'Archie Banks',convert(DATETIME, '2010.3.3',102),28000);
INSERT INTO EMPLOYEES(EMPLOYEE_ID,NAME,HIRE_DATE,SALARY) VALUES (30168,'Naveed Noble',convert(DATETIME, '2019.12.26',102),22000);
INSERT INTO EMPLOYEES(EMPLOYEE_ID,NAME,HIRE_DATE,SALARY) VALUES (30169,'Jac Traynor',convert(DATETIME, '2003.6.2',102),23000);
INSERT INTO EMPLOYEES(EMPLOYEE_ID,NAME,HIRE_DATE,SALARY) VALUES (30170,'Jobe Gill',convert(DATETIME, '2011.4.7',102),31000);
INSERT INTO EMPLOYEES(EMPLOYEE_ID,NAME,HIRE_DATE,SALARY) VALUES (30171,'Jayden',convert(DATETIME, '2009.9.4',102),30000);
INSERT INTO EMPLOYEES(EMPLOYEE_ID,NAME,HIRE_DATE,SALARY) VALUES (30172,'Sabiha Naylor',convert(DATETIME, '2011.12.17',102),47000);
INSERT INTO EMPLOYEES(EMPLOYEE_ID,NAME,HIRE_DATE,SALARY) VALUES (30173,'Courtnie Bostock',convert(DATETIME, '2006.2.21',102),40000);
INSERT INTO EMPLOYEES(EMPLOYEE_ID,NAME,HIRE_DATE,SALARY) VALUES (30174,'Isobella Lewis',convert(DATETIME, '2017.11.25',102),35000);
INSERT INTO EMPLOYEES(EMPLOYEE_ID,NAME,HIRE_DATE,SALARY) VALUES (30175,'Blythe Clifford',convert(DATETIME, '2009.11.5',102),48000);
INSERT INTO EMPLOYEES(EMPLOYEE_ID,NAME,HIRE_DATE,SALARY) VALUES (30176,'Marcie Stone',convert(DATETIME, '2003.2.23',102),49000);
INSERT INTO EMPLOYEES(EMPLOYEE_ID,NAME,HIRE_DATE,SALARY) VALUES (30177,'Zhane Magana',convert(DATETIME, '2019.2.21',102),21000);
INSERT INTO EMPLOYEES(EMPLOYEE_ID,NAME,HIRE_DATE,SALARY) VALUES (30178,'Zahrah Lutz',convert(DATETIME, '2010.12.9',102),22000);
INSERT INTO EMPLOYEES(EMPLOYEE_ID,NAME,HIRE_DATE,SALARY) VALUES (30179,'Jackson Burn',convert(DATETIME, '2002.12.21',102),30000);
INSERT INTO EMPLOYEES(EMPLOYEE_ID,NAME,HIRE_DATE,SALARY) VALUES (30180,'Kaeden Maguire',convert(DATETIME, '2008.10.26',102),36000);
INSERT INTO EMPLOYEES(EMPLOYEE_ID,NAME,HIRE_DATE,SALARY) VALUES (30181,'Amie Ferguson',convert(DATETIME, '2002.3.14',102),22000);
INSERT INTO EMPLOYEES(EMPLOYEE_ID,NAME,HIRE_DATE,SALARY) VALUES (30182,'Elen Warner',convert(DATETIME, '2012.9.14',102),50000);
INSERT INTO EMPLOYEES(EMPLOYEE_ID,NAME,HIRE_DATE,SALARY) VALUES (30183,'Connor Estrada',convert(DATETIME, '2017.4.25',102),44000);
INSERT INTO EMPLOYEES(EMPLOYEE_ID,NAME,HIRE_DATE,SALARY) VALUES (30184,'Aston Decker',convert(DATETIME, '2017.3.19',102),47000);
INSERT INTO EMPLOYEES(EMPLOYEE_ID,NAME,HIRE_DATE,SALARY) VALUES (30185,'Hettie Whitmore',convert(DATETIME, '2005.9.22',102),49000);
INSERT INTO EMPLOYEES(EMPLOYEE_ID,NAME,HIRE_DATE,SALARY) VALUES (30186,'Guto Mohamed',convert(DATETIME, '2006.12.26',102),49000);
INSERT INTO EMPLOYEES(EMPLOYEE_ID,NAME,HIRE_DATE,SALARY) VALUES (30187,'Monet Rush',convert(DATETIME, '2008.8.24',102),27000);
INSERT INTO EMPLOYEES(EMPLOYEE_ID,NAME,HIRE_DATE,SALARY) VALUES (30188,'Humera Southern',convert(DATETIME, '2017.5.5',102),32000);
INSERT INTO EMPLOYEES(EMPLOYEE_ID,NAME,HIRE_DATE,SALARY) VALUES (30189,'Herbie Dalby',convert(DATETIME, '2005.10.7',102),30000);
INSERT INTO EMPLOYEES(EMPLOYEE_ID,NAME,HIRE_DATE,SALARY) VALUES (30190,'Roksana Rocha',convert(DATETIME, '2012.10.23',102),34000);
INSERT INTO EMPLOYEES(EMPLOYEE_ID,NAME,HIRE_DATE,SALARY) VALUES (30191,'Odin Hood',convert(DATETIME, '2004.5.26',102),25000);
INSERT INTO EMPLOYEES(EMPLOYEE_ID,NAME,HIRE_DATE,SALARY) VALUES (30192,'Liberty Cordova',convert(DATETIME, '2019.2.13',102),43000);
INSERT INTO EMPLOYEES(EMPLOYEE_ID,NAME,HIRE_DATE,SALARY) VALUES (30193,'Connar Gamble',convert(DATETIME, '2011.10.9',102),46000);
INSERT INTO EMPLOYEES(EMPLOYEE_ID,NAME,HIRE_DATE,SALARY) VALUES (30194,'Joe Whitley',convert(DATETIME, '2012.6.7',102),36000);
INSERT INTO EMPLOYEES(EMPLOYEE_ID,NAME,HIRE_DATE,SALARY) VALUES (30195,'Alishba Drake',convert(DATETIME, '2002.7.23',102),43000);
INSERT INTO EMPLOYEES(EMPLOYEE_ID,NAME,HIRE_DATE,SALARY) VALUES (30196,'Glen Stevenson',convert(DATETIME, '2015.5.9',102),36000);
INSERT INTO EMPLOYEES(EMPLOYEE_ID,NAME,HIRE_DATE,SALARY) VALUES (30197,'Kady Gay',convert(DATETIME, '2009.5.23',102),42000);
INSERT INTO EMPLOYEES(EMPLOYEE_ID,NAME,HIRE_DATE,SALARY) VALUES (30198,'Elly Major',convert(DATETIME, '2018.11.28',102),36000);
INSERT INTO EMPLOYEES(EMPLOYEE_ID,NAME,HIRE_DATE,SALARY) VALUES (30199,'Johnathon Camacho',convert(DATETIME, '2008.10.10',102),38000);
INSERT INTO EMPLOYEES(EMPLOYEE_ID,NAME,HIRE_DATE,SALARY) VALUES (30200,'Ishaan Vazquez',convert(DATETIME, '2019.2.22',102),34000);
INSERT INTO EMPLOYEES(EMPLOYEE_ID,NAME,HIRE_DATE,SALARY) VALUES (30201,'Ishaaq Acevedo',convert(DATETIME, '2011.12.10',102),23000);
INSERT INTO EMPLOYEES(EMPLOYEE_ID,NAME,HIRE_DATE,SALARY) VALUES (30202,'Darien Swift',convert(DATETIME, '2002.3.8',102),26000);
INSERT INTO EMPLOYEES(EMPLOYEE_ID,NAME,HIRE_DATE,SALARY) VALUES (30203,'Atif Wilkes',convert(DATETIME, '2015.8.12',102),29000);
INSERT INTO EMPLOYEES(EMPLOYEE_ID,NAME,HIRE_DATE,SALARY) VALUES (30204,'Hugo Combs',convert(DATETIME, '2008.3.17',102),34000);
INSERT INTO EMPLOYEES(EMPLOYEE_ID,NAME,HIRE_DATE,SALARY) VALUES (30205,'Sade Smith',convert(DATETIME, '2005.11.11',102),46000);
INSERT INTO EMPLOYEES(EMPLOYEE_ID,NAME,HIRE_DATE,SALARY) VALUES (30206,'Millicent Hester',convert(DATETIME, '2007.7.14',102),37000);
INSERT INTO EMPLOYEES(EMPLOYEE_ID,NAME,HIRE_DATE,SALARY) VALUES (30207,'Kaila Bob',convert(DATETIME, '2005.1.8',102),21000);
INSERT INTO EMPLOYEES(EMPLOYEE_ID,NAME,HIRE_DATE,SALARY) VALUES (30208,'Amelia',convert(DATETIME, '2012.9.1',102),43000);
INSERT INTO EMPLOYEES(EMPLOYEE_ID,NAME,HIRE_DATE,SALARY) VALUES (30209,'Bonita Frank',convert(DATETIME, '2007.1.19',102),26000);
INSERT INTO EMPLOYEES(EMPLOYEE_ID,NAME,HIRE_DATE,SALARY) VALUES (30210,'Raisa Fritz',convert(DATETIME, '2019.3.9',102),25000);
INSERT INTO EMPLOYEES(EMPLOYEE_ID,NAME,HIRE_DATE,SALARY) VALUES (30211,'Saffa Mcgowan',convert(DATETIME, '2014.8.8',102),42000);
INSERT INTO EMPLOYEES(EMPLOYEE_ID,NAME,HIRE_DATE,SALARY) VALUES (30212,'Amarah Frame',convert(DATETIME, '2010.6.2',102),47000);
INSERT INTO EMPLOYEES(EMPLOYEE_ID,NAME,HIRE_DATE,SALARY) VALUES (30213,'Aaran Coulson',convert(DATETIME, '2005.8.18',102),40000);
INSERT INTO EMPLOYEES(EMPLOYEE_ID,NAME,HIRE_DATE,SALARY) VALUES (30214,'Olli Schmidt',convert(DATETIME, '2019.5.5',102),26000);
INSERT INTO EMPLOYEES(EMPLOYEE_ID,NAME,HIRE_DATE,SALARY) VALUES (30215,'Phoenix Rosa',convert(DATETIME, '2013.5.20',102),45000);
INSERT INTO EMPLOYEES(EMPLOYEE_ID,NAME,HIRE_DATE,SALARY) VALUES (30216,'Maksymilian Robles',convert(DATETIME, '2005.11.10',102),33000);
INSERT INTO EMPLOYEES(EMPLOYEE_ID,NAME,HIRE_DATE,SALARY) VALUES (30217,'Kimberley Eastwood',convert(DATETIME, '2004.12.2',102),36000);
INSERT INTO EMPLOYEES(EMPLOYEE_ID,NAME,HIRE_DATE,SALARY) VALUES (30218,'Coco Meadows',convert(DATETIME, '2017.12.26',102),24000);
INSERT INTO EMPLOYEES(EMPLOYEE_ID,NAME,HIRE_DATE,SALARY) VALUES (30219,'Zidan Huber',convert(DATETIME, '2006.4.15',102),37000);
INSERT INTO EMPLOYEES(EMPLOYEE_ID,NAME,HIRE_DATE,SALARY) VALUES (30220,'Danni Mueller',convert(DATETIME, '2004.11.14',102),50000);
INSERT INTO EMPLOYEES(EMPLOYEE_ID,NAME,HIRE_DATE,SALARY) VALUES (30221,'Brendan Whitehead',convert(DATETIME, '2006.2.4',102),41000);
INSERT INTO EMPLOYEES(EMPLOYEE_ID,NAME,HIRE_DATE,SALARY) VALUES (30222,'Raees White',convert(DATETIME, '2006.2.20',102),42000);
INSERT INTO EMPLOYEES(EMPLOYEE_ID,NAME,HIRE_DATE,SALARY) VALUES (30223,'Jaimee Cleveland',convert(DATETIME, '2008.4.7',102),27000);
INSERT INTO EMPLOYEES(EMPLOYEE_ID,NAME,HIRE_DATE,SALARY) VALUES (30224,'Campbell Savage',convert(DATETIME, '2002.11.24',102),21000);
INSERT INTO EMPLOYEES(EMPLOYEE_ID,NAME,HIRE_DATE,SALARY) VALUES (30225,'Alysha Norman',convert(DATETIME, '2009.3.16',102),39000);
INSERT INTO EMPLOYEES(EMPLOYEE_ID,NAME,HIRE_DATE,SALARY) VALUES (30226,'Aryan Duran',convert(DATETIME, '2010.5.22',102),24000);
INSERT INTO EMPLOYEES(EMPLOYEE_ID,NAME,HIRE_DATE,SALARY) VALUES (30227,'Karina Searle',convert(DATETIME, '2014.7.19',102),20000);
INSERT INTO EMPLOYEES(EMPLOYEE_ID,NAME,HIRE_DATE,SALARY) VALUES (30228,'Anand Guy',convert(DATETIME, '2017.12.8',102),38000);
INSERT INTO EMPLOYEES(EMPLOYEE_ID,NAME,HIRE_DATE,SALARY) VALUES (30229,'Sue Holmes',convert(DATETIME, '2011.2.17',102),40000);
INSERT INTO EMPLOYEES(EMPLOYEE_ID,NAME,HIRE_DATE,SALARY) VALUES (30230,'Enrique Zimmerman',convert(DATETIME, '2016.6.15',102),22000);
INSERT INTO EMPLOYEES(EMPLOYEE_ID,NAME,HIRE_DATE,SALARY) VALUES (30231,'Dominik Huynh',convert(DATETIME, '2003.4.22',102),31000);
INSERT INTO EMPLOYEES(EMPLOYEE_ID,NAME,HIRE_DATE,SALARY) VALUES (30232,'Anne',convert(DATETIME, '2018.4.14',102),37000);
INSERT INTO EMPLOYEES(EMPLOYEE_ID,NAME,HIRE_DATE,SALARY) VALUES (30233,'Marsha Mathews',convert(DATETIME, '2005.8.17',102),26000);
INSERT INTO EMPLOYEES(EMPLOYEE_ID,NAME,HIRE_DATE,SALARY) VALUES (30234,'Reem Elliott',convert(DATETIME, '2008.9.22',102),37000);
INSERT INTO EMPLOYEES(EMPLOYEE_ID,NAME,HIRE_DATE,SALARY) VALUES (30235,'Lani Holder',convert(DATETIME, '2004.10.7',102),41000);
INSERT INTO EMPLOYEES(EMPLOYEE_ID,NAME,HIRE_DATE,SALARY) VALUES (30236,'Liam Newton',convert(DATETIME, '2011.7.21',102),27000);
INSERT INTO EMPLOYEES(EMPLOYEE_ID,NAME,HIRE_DATE,SALARY) VALUES (30237,'Abdurrahman Heath',convert(DATETIME, '2009.3.11',102),43000);
INSERT INTO EMPLOYEES(EMPLOYEE_ID,NAME,HIRE_DATE,SALARY) VALUES (30238,'Cecily Gallagher',convert(DATETIME, '2011.2.6',102),43000);
INSERT INTO EMPLOYEES(EMPLOYEE_ID,NAME,HIRE_DATE,SALARY) VALUES (30239,'Blanka Munro',convert(DATETIME, '2016.6.8',102),40000);
INSERT INTO EMPLOYEES(EMPLOYEE_ID,NAME,HIRE_DATE,SALARY) VALUES (30240,'Harvey Lucero',convert(DATETIME, '2014.8.13',102),47000);
INSERT INTO EMPLOYEES(EMPLOYEE_ID,NAME,HIRE_DATE,SALARY) VALUES (30241,'Manon Yang',convert(DATETIME, '2005.2.15',102),41000);
INSERT INTO EMPLOYEES(EMPLOYEE_ID,NAME,HIRE_DATE,SALARY) VALUES (30242,'Casey Bird',convert(DATETIME, '2009.10.23',102),21000);
INSERT INTO EMPLOYEES(EMPLOYEE_ID,NAME,HIRE_DATE,SALARY) VALUES (30243,'Tate Parkes',convert(DATETIME, '2006.2.2',102),32000);
INSERT INTO EMPLOYEES(EMPLOYEE_ID,NAME,HIRE_DATE,SALARY) VALUES (30244,'Elinor Plummer',convert(DATETIME, '2017.12.24',102),22000);
INSERT INTO EMPLOYEES(EMPLOYEE_ID,NAME,HIRE_DATE,SALARY) VALUES (30245,'Cade Dejesus',convert(DATETIME, '2007.4.7',102),24000);
INSERT INTO EMPLOYEES(EMPLOYEE_ID,NAME,HIRE_DATE,SALARY) VALUES (30246,'Maryam Ballard',convert(DATETIME, '2018.4.24',102),45000);
INSERT INTO EMPLOYEES(EMPLOYEE_ID,NAME,HIRE_DATE,SALARY) VALUES (30247,'Kelsey Yates',convert(DATETIME, '2012.6.14',102),38000);
INSERT INTO EMPLOYEES(EMPLOYEE_ID,NAME,HIRE_DATE,SALARY) VALUES (30248,'Emelia Tillman',convert(DATETIME, '2013.5.14',102),44000);
INSERT INTO EMPLOYEES(EMPLOYEE_ID,NAME,HIRE_DATE,SALARY) VALUES (30249,'Kaison Bellamy',convert(DATETIME, '2002.4.1',102),24000);
INSERT INTO EMPLOYEES(EMPLOYEE_ID,NAME,HIRE_DATE,SALARY) VALUES (30250,'Shawn Bloom',convert(DATETIME, '2016.11.4',102),44000);
INSERT INTO EMPLOYEES(EMPLOYEE_ID,NAME,HIRE_DATE,SALARY) VALUES (30251,'Lyndsey Emerson',convert(DATETIME, '2005.9.28',102),46000);
INSERT INTO EMPLOYEES(EMPLOYEE_ID,NAME,HIRE_DATE,SALARY) VALUES (30252,'Mackenzie Pearce',convert(DATETIME, '2015.11.5',102),21000);
INSERT INTO EMPLOYEES(EMPLOYEE_ID,NAME,HIRE_DATE,SALARY) VALUES (30253,'Sayed Massey',convert(DATETIME, '2019.3.8',102),43000);
INSERT INTO EMPLOYEES(EMPLOYEE_ID,NAME,HIRE_DATE,SALARY) VALUES (30254,'Ada Meyer',convert(DATETIME, '2002.10.11',102),33000);
INSERT INTO EMPLOYEES(EMPLOYEE_ID,NAME,HIRE_DATE,SALARY) VALUES (30255,'Lara Bruce',convert(DATETIME, '2013.3.21',102),25000);
INSERT INTO EMPLOYEES(EMPLOYEE_ID,NAME,HIRE_DATE,SALARY) VALUES (30256,'Danni Singleton',convert(DATETIME, '2009.1.4',102),38000);
INSERT INTO EMPLOYEES(EMPLOYEE_ID,NAME,HIRE_DATE,SALARY) VALUES (30257,'Mindy Downes',convert(DATETIME, '2012.8.15',102),25000);
INSERT INTO EMPLOYEES(EMPLOYEE_ID,NAME,HIRE_DATE,SALARY) VALUES (30258,'Kallum Trujillo',convert(DATETIME, '2002.8.13',102),48000);
INSERT INTO EMPLOYEES(EMPLOYEE_ID,NAME,HIRE_DATE,SALARY) VALUES (30259,'Valentina Bass',convert(DATETIME, '2008.5.15',102),41000);
INSERT INTO EMPLOYEES(EMPLOYEE_ID,NAME,HIRE_DATE,SALARY) VALUES (30260,'Margot Whitaker',convert(DATETIME, '2016.2.17',102),36000);
INSERT INTO EMPLOYEES(EMPLOYEE_ID,NAME,HIRE_DATE,SALARY) VALUES (30261,'Klara Wise',convert(DATETIME, '2002.1.8',102),37000);
INSERT INTO EMPLOYEES(EMPLOYEE_ID,NAME,HIRE_DATE,SALARY) VALUES (30262,'Kodi Kaur',convert(DATETIME, '2010.10.27',102),27000);
INSERT INTO EMPLOYEES(EMPLOYEE_ID,NAME,HIRE_DATE,SALARY) VALUES (30263,'Lili Hume',convert(DATETIME, '2016.1.11',102),25000);
INSERT INTO EMPLOYEES(EMPLOYEE_ID,NAME,HIRE_DATE,SALARY) VALUES (30264,'Viaan Potter',convert(DATETIME, '2011.2.19',102),45000);
INSERT INTO EMPLOYEES(EMPLOYEE_ID,NAME,HIRE_DATE,SALARY) VALUES (30265,'Romeo Mccullough',convert(DATETIME, '2002.10.22',102),37000);
INSERT INTO EMPLOYEES(EMPLOYEE_ID,NAME,HIRE_DATE,SALARY) VALUES (30266,'Yu Guest',convert(DATETIME, '2018.9.2',102),22000);
INSERT INTO EMPLOYEES(EMPLOYEE_ID,NAME,HIRE_DATE,SALARY) VALUES (30267,'Suman Sullivan',convert(DATETIME, '2009.8.6',102),49000);
INSERT INTO EMPLOYEES(EMPLOYEE_ID,NAME,HIRE_DATE,SALARY) VALUES (30268,'Arisha Hogan',convert(DATETIME, '2004.8.28',102),47000);
INSERT INTO EMPLOYEES(EMPLOYEE_ID,NAME,HIRE_DATE,SALARY) VALUES (30269,'Jaimee Donald',convert(DATETIME, '2017.8.26',102),24000);
INSERT INTO EMPLOYEES(EMPLOYEE_ID,NAME,HIRE_DATE,SALARY) VALUES (30270,'Harlen Acosta',convert(DATETIME, '2015.8.16',102),35000);
INSERT INTO EMPLOYEES(EMPLOYEE_ID,NAME,HIRE_DATE,SALARY) VALUES (30271,'Effie Watson',convert(DATETIME, '2018.12.2',102),46000);
INSERT INTO EMPLOYEES(EMPLOYEE_ID,NAME,HIRE_DATE,SALARY) VALUES (30272,'Fergus Foley',convert(DATETIME, '2014.8.9',102),32000);
INSERT INTO EMPLOYEES(EMPLOYEE_ID,NAME,HIRE_DATE,SALARY) VALUES (30273,'Aida Gonzalez',convert(DATETIME, '2019.9.28',102),32000);
INSERT INTO EMPLOYEES(EMPLOYEE_ID,NAME,HIRE_DATE,SALARY) VALUES (30274,'Samirah Ryan',convert(DATETIME, '2003.1.22',102),36000);
INSERT INTO EMPLOYEES(EMPLOYEE_ID,NAME,HIRE_DATE,SALARY) VALUES (30275,'Hanan Broughton',convert(DATETIME, '2007.11.11',102),43000);
INSERT INTO EMPLOYEES(EMPLOYEE_ID,NAME,HIRE_DATE,SALARY) VALUES (30276,'Keiran Alcock',convert(DATETIME, '2013.8.19',102),29000);
INSERT INTO EMPLOYEES(EMPLOYEE_ID,NAME,HIRE_DATE,SALARY) VALUES (30277,'Sheila Piper',convert(DATETIME, '2010.7.10',102),23000);
INSERT INTO EMPLOYEES(EMPLOYEE_ID,NAME,HIRE_DATE,SALARY) VALUES (30278,'Lillie Stein',convert(DATETIME, '2018.1.27',102),50000);
INSERT INTO EMPLOYEES(EMPLOYEE_ID,NAME,HIRE_DATE,SALARY) VALUES (30279,'Jayce Howells',convert(DATETIME, '2002.12.19',102),44000);
INSERT INTO EMPLOYEES(EMPLOYEE_ID,NAME,HIRE_DATE,SALARY) VALUES (30280,'Krystian Serrano',convert(DATETIME, '2012.4.8',102),20000);
INSERT INTO EMPLOYEES(EMPLOYEE_ID,NAME,HIRE_DATE,SALARY) VALUES (30281,'Cole Munro',convert(DATETIME, '2017.8.7',102),48000);
INSERT INTO EMPLOYEES(EMPLOYEE_ID,NAME,HIRE_DATE,SALARY) VALUES (30282,'T',convert(DATETIME, '2008.9.3',102),31000);
INSERT INTO EMPLOYEES(EMPLOYEE_ID,NAME,HIRE_DATE,SALARY) VALUES (30283,'Tonisha Shepard',convert(DATETIME, '2008.9.4',102),39000);
INSERT INTO EMPLOYEES(EMPLOYEE_ID,NAME,HIRE_DATE,SALARY) VALUES (30284,'Gia Cuevas',convert(DATETIME, '2010.12.15',102),27000);
INSERT INTO EMPLOYEES(EMPLOYEE_ID,NAME,HIRE_DATE,SALARY) VALUES (30285,'Jae Rasmussen',convert(DATETIME, '2004.8.16',102),24000);
INSERT INTO EMPLOYEES(EMPLOYEE_ID,NAME,HIRE_DATE,SALARY) VALUES (30286,'Milly Huerta',convert(DATETIME, '2013.3.8',102),41000);
INSERT INTO EMPLOYEES(EMPLOYEE_ID,NAME,HIRE_DATE,SALARY) VALUES (30287,'Pixie Burns',convert(DATETIME, '2008.12.13',102),41000);
INSERT INTO EMPLOYEES(EMPLOYEE_ID,NAME,HIRE_DATE,SALARY) VALUES (30288,'Jawad Stanley',convert(DATETIME, '2007.4.12',102),26000);
INSERT INTO EMPLOYEES(EMPLOYEE_ID,NAME,HIRE_DATE,SALARY) VALUES (30289,'Mariya Clifford',convert(DATETIME, '2004.6.27',102),43000);
INSERT INTO EMPLOYEES(EMPLOYEE_ID,NAME,HIRE_DATE,SALARY) VALUES (30290,'Robson Foreman',convert(DATETIME, '2008.10.24',102),26000);
INSERT INTO EMPLOYEES(EMPLOYEE_ID,NAME,HIRE_DATE,SALARY) VALUES (30291,'Noor Lutz',convert(DATETIME, '2019.3.22',102),37000);
INSERT INTO EMPLOYEES(EMPLOYEE_ID,NAME,HIRE_DATE,SALARY) VALUES (30292,'Ella',convert(DATETIME, '2014.10.4',102),21000);
INSERT INTO EMPLOYEES(EMPLOYEE_ID,NAME,HIRE_DATE,SALARY) VALUES (30293,'Amman Humphries',convert(DATETIME, '2018.5.8',102),35000);
INSERT INTO EMPLOYEES(EMPLOYEE_ID,NAME,HIRE_DATE,SALARY) VALUES (30294,'Harpreet Franklin',convert(DATETIME, '2002.10.9',102),45000);
INSERT INTO EMPLOYEES(EMPLOYEE_ID,NAME,HIRE_DATE,SALARY) VALUES (30295,'Alishba Roach',convert(DATETIME, '2014.6.16',102),41000);
INSERT INTO EMPLOYEES(EMPLOYEE_ID,NAME,HIRE_DATE,SALARY) VALUES (30296,'Jasmin Harrison',convert(DATETIME, '2016.9.26',102),43000);
INSERT INTO EMPLOYEES(EMPLOYEE_ID,NAME,HIRE_DATE,SALARY) VALUES (30297,'Horace Alvarado',convert(DATETIME, '2014.3.25',102),27000);
INSERT INTO EMPLOYEES(EMPLOYEE_ID,NAME,HIRE_DATE,SALARY) VALUES (30298,'Renee Higgins',convert(DATETIME, '2012.3.4',102),35000);
INSERT INTO EMPLOYEES(EMPLOYEE_ID,NAME,HIRE_DATE,SALARY) VALUES (30299,'Matthew Barajas',convert(DATETIME, '2010.10.24',102),30000);
INSERT INTO EMPLOYEES(EMPLOYEE_ID,NAME,HIRE_DATE,SALARY) VALUES (30300,'Abdul Flowers',convert(DATETIME, '2011.11.18',102),43000);
INSERT INTO EMPLOYEES(EMPLOYEE_ID,NAME,HIRE_DATE,SALARY) VALUES (40001,'Mahira Conley',convert(DATETIME, '2006.11.24',102),73000);
INSERT INTO EMPLOYEES(EMPLOYEE_ID,NAME,HIRE_DATE,SALARY) VALUES (40002,'Sonnie Sparrow',convert(DATETIME, '2016.10.4',102),41000);
INSERT INTO EMPLOYEES(EMPLOYEE_ID,NAME,HIRE_DATE,SALARY) VALUES (40003,'Susanna Henry',convert(DATETIME, '2011.10.9',102),55000);
INSERT INTO EMPLOYEES(EMPLOYEE_ID,NAME,HIRE_DATE,SALARY) VALUES (40004,'Lucien Welch',convert(DATETIME, '2019.10.25',102),44000);
INSERT INTO EMPLOYEES(EMPLOYEE_ID,NAME,HIRE_DATE,SALARY) VALUES (40005,'Chante Acevedo',convert(DATETIME, '2010.1.8',102),66000);
INSERT INTO EMPLOYEES(EMPLOYEE_ID,NAME,HIRE_DATE,SALARY) VALUES (40006,'Kasim Tomlinson',convert(DATETIME, '2002.5.13',102),73000);
INSERT INTO EMPLOYEES(EMPLOYEE_ID,NAME,HIRE_DATE,SALARY) VALUES (40007,'Salim Barker',convert(DATETIME, '2003.9.17',102),59000);
INSERT INTO EMPLOYEES(EMPLOYEE_ID,NAME,HIRE_DATE,SALARY) VALUES (40008,'Darius Gray',convert(DATETIME, '2002.1.5',102),55000);
INSERT INTO EMPLOYEES(EMPLOYEE_ID,NAME,HIRE_DATE,SALARY) VALUES (40009,'Shoaib Adamson',convert(DATETIME, '2012.5.13',102),79000);
INSERT INTO EMPLOYEES(EMPLOYEE_ID,NAME,HIRE_DATE,SALARY) VALUES (40010,'Tommie Carter',convert(DATETIME, '2017.3.26',102),50000);
INSERT INTO EMPLOYEES(EMPLOYEE_ID,NAME,HIRE_DATE,SALARY) VALUES (40011,'Marion Mckeown',convert(DATETIME, '2009.11.21',102),77000);
INSERT INTO EMPLOYEES(EMPLOYEE_ID,NAME,HIRE_DATE,SALARY) VALUES (40012,'Alfie',convert(DATETIME, '2015.2.8',102),45000);
INSERT INTO EMPLOYEES(EMPLOYEE_ID,NAME,HIRE_DATE,SALARY) VALUES (40013,'Willard Snider',convert(DATETIME, '2019.4.27',102),52000);
INSERT INTO EMPLOYEES(EMPLOYEE_ID,NAME,HIRE_DATE,SALARY) VALUES (40014,'Leja Wade',convert(DATETIME, '2017.11.14',102),60000);
INSERT INTO EMPLOYEES(EMPLOYEE_ID,NAME,HIRE_DATE,SALARY) VALUES (40015,'Lianne Quintero',convert(DATETIME, '2011.2.5',102),71000);
INSERT INTO EMPLOYEES(EMPLOYEE_ID,NAME,HIRE_DATE,SALARY) VALUES (40016,'Ivy Bone',convert(DATETIME, '2014.9.27',102),72000);
INSERT INTO EMPLOYEES(EMPLOYEE_ID,NAME,HIRE_DATE,SALARY) VALUES (40017,'Gladys Cano',convert(DATETIME, '2014.3.19',102),43000);
INSERT INTO EMPLOYEES(EMPLOYEE_ID,NAME,HIRE_DATE,SALARY) VALUES (40018,'Reiss Barrera',convert(DATETIME, '2018.12.7',102),67000);
INSERT INTO EMPLOYEES(EMPLOYEE_ID,NAME,HIRE_DATE,SALARY) VALUES (40019,'Frazer Anderson',convert(DATETIME, '2006.2.17',102),58000);
INSERT INTO EMPLOYEES(EMPLOYEE_ID,NAME,HIRE_DATE,SALARY) VALUES (40020,'Rachelle Kenny',convert(DATETIME, '2014.1.20',102),63000);
INSERT INTO EMPLOYEES(EMPLOYEE_ID,NAME,HIRE_DATE,SALARY) VALUES (40021,'Hammad Zavala',convert(DATETIME, '2006.9.27',102),70000);
INSERT INTO EMPLOYEES(EMPLOYEE_ID,NAME,HIRE_DATE,SALARY) VALUES (40022,'Abigale Gamble',convert(DATETIME, '2013.3.12',102),64000);
INSERT INTO EMPLOYEES(EMPLOYEE_ID,NAME,HIRE_DATE,SALARY) VALUES (40023,'Caius Ingram',convert(DATETIME, '2006.4.11',102),46000);
INSERT INTO EMPLOYEES(EMPLOYEE_ID,NAME,HIRE_DATE,SALARY) VALUES (40024,'Zakir Maynard',convert(DATETIME, '2012.8.16',102),70000);
INSERT INTO EMPLOYEES(EMPLOYEE_ID,NAME,HIRE_DATE,SALARY) VALUES (40025,'Nabeel Alvarez',convert(DATETIME, '2014.12.7',102),51000);
INSERT INTO EMPLOYEES(EMPLOYEE_ID,NAME,HIRE_DATE,SALARY) VALUES (40026,'Deen Huynh',convert(DATETIME, '2007.12.23',102),40000);
INSERT INTO EMPLOYEES(EMPLOYEE_ID,NAME,HIRE_DATE,SALARY) VALUES (40027,'Kirk Oakley',convert(DATETIME, '2008.8.17',102),46000);
INSERT INTO EMPLOYEES(EMPLOYEE_ID,NAME,HIRE_DATE,SALARY) VALUES (40028,'Rubi Churchill',convert(DATETIME, '2017.7.5',102),49000);
INSERT INTO EMPLOYEES(EMPLOYEE_ID,NAME,HIRE_DATE,SALARY) VALUES (40029,'Mekhi Rice',convert(DATETIME, '2014.7.18',102),42000);
INSERT INTO EMPLOYEES(EMPLOYEE_ID,NAME,HIRE_DATE,SALARY) VALUES (40030,'Rafi Douglas',convert(DATETIME, '2012.1.14',102),54000);
INSERT INTO EMPLOYEES(EMPLOYEE_ID,NAME,HIRE_DATE,SALARY) VALUES (40031,'Emily',convert(DATETIME, '2018.5.3',102),66000);
INSERT INTO EMPLOYEES(EMPLOYEE_ID,NAME,HIRE_DATE,SALARY) VALUES (40032,'Aryaan Coleman',convert(DATETIME, '2014.6.20',102),47000);
INSERT INTO EMPLOYEES(EMPLOYEE_ID,NAME,HIRE_DATE,SALARY) VALUES (40033,'Burhan Pace',convert(DATETIME, '2012.3.25',102),49000);
INSERT INTO EMPLOYEES(EMPLOYEE_ID,NAME,HIRE_DATE,SALARY) VALUES (40034,'Jac Humphreys',convert(DATETIME, '2007.11.5',102),40000);
INSERT INTO EMPLOYEES(EMPLOYEE_ID,NAME,HIRE_DATE,SALARY) VALUES (40035,'Suraj Everett',convert(DATETIME, '2008.7.26',102),65000);
INSERT INTO EMPLOYEES(EMPLOYEE_ID,NAME,HIRE_DATE,SALARY) VALUES (40036,'Sadia Mcconnell',convert(DATETIME, '2008.6.17',102),75000);
INSERT INTO EMPLOYEES(EMPLOYEE_ID,NAME,HIRE_DATE,SALARY) VALUES (40037,'Zayne Christian',convert(DATETIME, '2002.1.26',102),64000);
INSERT INTO EMPLOYEES(EMPLOYEE_ID,NAME,HIRE_DATE,SALARY) VALUES (40038,'Ramone Wright',convert(DATETIME, '2006.9.18',102),44000);
INSERT INTO EMPLOYEES(EMPLOYEE_ID,NAME,HIRE_DATE,SALARY) VALUES (40039,'Bear Ratliff',convert(DATETIME, '2013.7.25',102),59000);
INSERT INTO EMPLOYEES(EMPLOYEE_ID,NAME,HIRE_DATE,SALARY) VALUES (40040,'Adela Mata',convert(DATETIME, '2002.3.16',102),52000);
INSERT INTO EMPLOYEES(EMPLOYEE_ID,NAME,HIRE_DATE,SALARY) VALUES (40041,'Darien Sutherland',convert(DATETIME, '2009.2.20',102),74000);
INSERT INTO EMPLOYEES(EMPLOYEE_ID,NAME,HIRE_DATE,SALARY) VALUES (40042,'Tasha Mackay',convert(DATETIME, '2007.5.5',102),58000);
INSERT INTO EMPLOYEES(EMPLOYEE_ID,NAME,HIRE_DATE,SALARY) VALUES (40043,'Isla Cross',convert(DATETIME, '2017.12.8',102),69000);
INSERT INTO EMPLOYEES(EMPLOYEE_ID,NAME,HIRE_DATE,SALARY) VALUES (40044,'Scott Thatcher',convert(DATETIME, '2015.5.25',102),42000);
INSERT INTO EMPLOYEES(EMPLOYEE_ID,NAME,HIRE_DATE,SALARY) VALUES (40045,'Tiago Lang',convert(DATETIME, '2016.10.20',102),71000);
INSERT INTO EMPLOYEES(EMPLOYEE_ID,NAME,HIRE_DATE,SALARY) VALUES (40046,'Edna Penn',convert(DATETIME, '2017.11.11',102),44000);
INSERT INTO EMPLOYEES(EMPLOYEE_ID,NAME,HIRE_DATE,SALARY) VALUES (40047,'Angelo Price',convert(DATETIME, '2002.6.15',102),62000);
INSERT INTO EMPLOYEES(EMPLOYEE_ID,NAME,HIRE_DATE,SALARY) VALUES (40048,'Israr George',convert(DATETIME, '2014.10.1',102),50000);
INSERT INTO EMPLOYEES(EMPLOYEE_ID,NAME,HIRE_DATE,SALARY) VALUES (40049,'Kaitlin Lee',convert(DATETIME, '2002.9.22',102),53000);
INSERT INTO EMPLOYEES(EMPLOYEE_ID,NAME,HIRE_DATE,SALARY) VALUES (40050,'Derrick Whittington',convert(DATETIME, '2008.3.15',102),59000);
INSERT INTO EMPLOYEES(EMPLOYEE_ID,NAME,HIRE_DATE,SALARY) VALUES (40051,'Kishan Valdez',convert(DATETIME, '2012.7.6',102),45000);
INSERT INTO EMPLOYEES(EMPLOYEE_ID,NAME,HIRE_DATE,SALARY) VALUES (40052,'Tea Lynch',convert(DATETIME, '2006.1.7',102),41000);
INSERT INTO EMPLOYEES(EMPLOYEE_ID,NAME,HIRE_DATE,SALARY) VALUES (40053,'Jonny Hays',convert(DATETIME, '2004.9.12',102),55000);
INSERT INTO EMPLOYEES(EMPLOYEE_ID,NAME,HIRE_DATE,SALARY) VALUES (40054,'Esme Davis',convert(DATETIME, '2018.1.2',102),66000);
INSERT INTO EMPLOYEES(EMPLOYEE_ID,NAME,HIRE_DATE,SALARY) VALUES (40055,'Jillian Wicks',convert(DATETIME, '2012.7.21',102),69000);
INSERT INTO EMPLOYEES(EMPLOYEE_ID,NAME,HIRE_DATE,SALARY) VALUES (40056,'Omer Hurst',convert(DATETIME, '2004.8.2',102),78000);
INSERT INTO EMPLOYEES(EMPLOYEE_ID,NAME,HIRE_DATE,SALARY) VALUES (40057,'Elicia Phillips',convert(DATETIME, '2011.10.15',102),62000);
INSERT INTO EMPLOYEES(EMPLOYEE_ID,NAME,HIRE_DATE,SALARY) VALUES (40058,'Hubert Burnett',convert(DATETIME, '2016.8.26',102),62000);
INSERT INTO EMPLOYEES(EMPLOYEE_ID,NAME,HIRE_DATE,SALARY) VALUES (40059,'Mylah Spence',convert(DATETIME, '2008.12.17',102),61000);
INSERT INTO EMPLOYEES(EMPLOYEE_ID,NAME,HIRE_DATE,SALARY) VALUES (40060,'Huw Kidd',convert(DATETIME, '2002.4.24',102),61000);
INSERT INTO EMPLOYEES(EMPLOYEE_ID,NAME,HIRE_DATE,SALARY) VALUES (40061,'Libbie Lugo',convert(DATETIME, '2016.4.21',102),49000);
INSERT INTO EMPLOYEES(EMPLOYEE_ID,NAME,HIRE_DATE,SALARY) VALUES (40062,'Solomon Spears',convert(DATETIME, '2004.10.9',102),77000);
INSERT INTO EMPLOYEES(EMPLOYEE_ID,NAME,HIRE_DATE,SALARY) VALUES (40063,'Maisey Romero',convert(DATETIME, '2010.9.8',102),51000);
INSERT INTO EMPLOYEES(EMPLOYEE_ID,NAME,HIRE_DATE,SALARY) VALUES (40064,'Lily Stephens',convert(DATETIME, '2009.10.10',102),57000);
INSERT INTO EMPLOYEES(EMPLOYEE_ID,NAME,HIRE_DATE,SALARY) VALUES (40065,'Saarah Magana',convert(DATETIME, '2014.6.14',102),41000);
INSERT INTO EMPLOYEES(EMPLOYEE_ID,NAME,HIRE_DATE,SALARY) VALUES (40066,'Donte Alcock',convert(DATETIME, '2010.9.21',102),58000);
INSERT INTO EMPLOYEES(EMPLOYEE_ID,NAME,HIRE_DATE,SALARY) VALUES (40067,'Jem Lam',convert(DATETIME, '2007.5.19',102),51000);
INSERT INTO EMPLOYEES(EMPLOYEE_ID,NAME,HIRE_DATE,SALARY) VALUES (40068,'Byron Zavala',convert(DATETIME, '2011.3.13',102),53000);
INSERT INTO EMPLOYEES(EMPLOYEE_ID,NAME,HIRE_DATE,SALARY) VALUES (40069,'Deniz Dougherty',convert(DATETIME, '2013.8.7',102),65000);
INSERT INTO EMPLOYEES(EMPLOYEE_ID,NAME,HIRE_DATE,SALARY) VALUES (40070,'Nadia Hatfield',convert(DATETIME, '2007.7.9',102),51000);
INSERT INTO EMPLOYEES(EMPLOYEE_ID,NAME,HIRE_DATE,SALARY) VALUES (40071,'Jermaine Andrews',convert(DATETIME, '2003.9.11',102),76000);
INSERT INTO EMPLOYEES(EMPLOYEE_ID,NAME,HIRE_DATE,SALARY) VALUES (40072,'Hannah Howells',convert(DATETIME, '2012.2.9',102),49000);
INSERT INTO EMPLOYEES(EMPLOYEE_ID,NAME,HIRE_DATE,SALARY) VALUES (40073,'Adrienne Brandt',convert(DATETIME, '2009.4.6',102),44000);
INSERT INTO EMPLOYEES(EMPLOYEE_ID,NAME,HIRE_DATE,SALARY) VALUES (40074,'Remi Galvan',convert(DATETIME, '2004.8.9',102),67000);
INSERT INTO EMPLOYEES(EMPLOYEE_ID,NAME,HIRE_DATE,SALARY) VALUES (40075,'Aahil Salt',convert(DATETIME, '2014.6.22',102),73000);
INSERT INTO EMPLOYEES(EMPLOYEE_ID,NAME,HIRE_DATE,SALARY) VALUES (40076,'Esmay Hale',convert(DATETIME, '2008.12.4',102),45000);
INSERT INTO EMPLOYEES(EMPLOYEE_ID,NAME,HIRE_DATE,SALARY) VALUES (40077,'Danika Jacobson',convert(DATETIME, '2007.5.14',102),51000);
INSERT INTO EMPLOYEES(EMPLOYEE_ID,NAME,HIRE_DATE,SALARY) VALUES (40078,'Ella',convert(DATETIME, '2004.9.26',102),65000);
INSERT INTO EMPLOYEES(EMPLOYEE_ID,NAME,HIRE_DATE,SALARY) VALUES (40079,'Lawson Hinton',convert(DATETIME, '2009.6.23',102),57000);
INSERT INTO EMPLOYEES(EMPLOYEE_ID,NAME,HIRE_DATE,SALARY) VALUES (40080,'Mari Robins',convert(DATETIME, '2008.2.3',102),43000);
INSERT INTO EMPLOYEES(EMPLOYEE_ID,NAME,HIRE_DATE,SALARY) VALUES (40081,'Abdullah Wynn',convert(DATETIME, '2015.4.19',102),66000);
INSERT INTO EMPLOYEES(EMPLOYEE_ID,NAME,HIRE_DATE,SALARY) VALUES (40082,'Aden Roth',convert(DATETIME, '2009.7.27',102),46000);
INSERT INTO EMPLOYEES(EMPLOYEE_ID,NAME,HIRE_DATE,SALARY) VALUES (40083,'Nathalie Mcdowell',convert(DATETIME, '2011.1.8',102),68000);
INSERT INTO EMPLOYEES(EMPLOYEE_ID,NAME,HIRE_DATE,SALARY) VALUES (40084,'Zayne Terry',convert(DATETIME, '2005.5.21',102),50000);
INSERT INTO EMPLOYEES(EMPLOYEE_ID,NAME,HIRE_DATE,SALARY) VALUES (40085,'Haseeb Morrow',convert(DATETIME, '2010.12.4',102),62000);
INSERT INTO EMPLOYEES(EMPLOYEE_ID,NAME,HIRE_DATE,SALARY) VALUES (40086,'Lilianna Valencia',convert(DATETIME, '2006.10.27',102),42000);
INSERT INTO EMPLOYEES(EMPLOYEE_ID,NAME,HIRE_DATE,SALARY) VALUES (40087,'Siya York',convert(DATETIME, '2016.11.1',102),58000);
INSERT INTO EMPLOYEES(EMPLOYEE_ID,NAME,HIRE_DATE,SALARY) VALUES (40088,'Mahira Atherton',convert(DATETIME, '2018.3.26',102),60000);
INSERT INTO EMPLOYEES(EMPLOYEE_ID,NAME,HIRE_DATE,SALARY) VALUES (40089,'Evelyn Bruce',convert(DATETIME, '2003.11.9',102),50000);
INSERT INTO EMPLOYEES(EMPLOYEE_ID,NAME,HIRE_DATE,SALARY) VALUES (40090,'Chanel Millington',convert(DATETIME, '2005.1.9',102),75000);
INSERT INTO EMPLOYEES(EMPLOYEE_ID,NAME,HIRE_DATE,SALARY) VALUES (40091,'Kristen Maldonado',convert(DATETIME, '2006.11.26',102),59000);
INSERT INTO EMPLOYEES(EMPLOYEE_ID,NAME,HIRE_DATE,SALARY) VALUES (40092,'Celine Leonard',convert(DATETIME, '2007.5.25',102),78000);
INSERT INTO EMPLOYEES(EMPLOYEE_ID,NAME,HIRE_DATE,SALARY) VALUES (40093,'Lloyd Alfaro',convert(DATETIME, '2003.2.21',102),67000);
INSERT INTO EMPLOYEES(EMPLOYEE_ID,NAME,HIRE_DATE,SALARY) VALUES (40094,'Katey Donovan',convert(DATETIME, '2010.5.27',102),52000);
INSERT INTO EMPLOYEES(EMPLOYEE_ID,NAME,HIRE_DATE,SALARY) VALUES (40095,'Kaci Cousins',convert(DATETIME, '2005.8.6',102),43000);
INSERT INTO EMPLOYEES(EMPLOYEE_ID,NAME,HIRE_DATE,SALARY) VALUES (40096,'Jonty Mcdonnell',convert(DATETIME, '2014.3.2',102),79000);
INSERT INTO EMPLOYEES(EMPLOYEE_ID,NAME,HIRE_DATE,SALARY) VALUES (40097,'Suzanna Potts',convert(DATETIME, '2017.5.15',102),74000);
INSERT INTO EMPLOYEES(EMPLOYEE_ID,NAME,HIRE_DATE,SALARY) VALUES (40098,'Suhail Acevedo',convert(DATETIME, '2011.10.5',102),69000);
INSERT INTO EMPLOYEES(EMPLOYEE_ID,NAME,HIRE_DATE,SALARY) VALUES (40099,'Addie North',convert(DATETIME, '2017.10.24',102),65000);
INSERT INTO EMPLOYEES(EMPLOYEE_ID,NAME,HIRE_DATE,SALARY) VALUES (40100,'Bea Cline',convert(DATETIME, '2018.7.1',102),53000);
INSERT INTO EMPLOYEES(EMPLOYEE_ID,NAME,HIRE_DATE,SALARY) VALUES (40101,'Anushka Blake',convert(DATETIME, '2011.4.10',102),75000);
INSERT INTO EMPLOYEES(EMPLOYEE_ID,NAME,HIRE_DATE,SALARY) VALUES (40102,'Ayse Faulkner',convert(DATETIME, '2006.1.22',102),71000);
INSERT INTO EMPLOYEES(EMPLOYEE_ID,NAME,HIRE_DATE,SALARY) VALUES (40103,'Shanae Liu',convert(DATETIME, '2006.9.20',102),51000);
INSERT INTO EMPLOYEES(EMPLOYEE_ID,NAME,HIRE_DATE,SALARY) VALUES (40104,'Maisha Flower',convert(DATETIME, '2002.10.7',102),45000);
INSERT INTO EMPLOYEES(EMPLOYEE_ID,NAME,HIRE_DATE,SALARY) VALUES (40105,'Willard Schofield',convert(DATETIME, '2005.7.1',102),75000);
INSERT INTO EMPLOYEES(EMPLOYEE_ID,NAME,HIRE_DATE,SALARY) VALUES (40106,'Tobey Wickens',convert(DATETIME, '2006.10.14',102),53000);
INSERT INTO EMPLOYEES(EMPLOYEE_ID,NAME,HIRE_DATE,SALARY) VALUES (40107,'Manha Olsen',convert(DATETIME, '2013.8.21',102),41000);
INSERT INTO EMPLOYEES(EMPLOYEE_ID,NAME,HIRE_DATE,SALARY) VALUES (40108,'Safiyah Blackburn',convert(DATETIME, '2013.5.25',102),59000);
INSERT INTO EMPLOYEES(EMPLOYEE_ID,NAME,HIRE_DATE,SALARY) VALUES (40109,'Wilson Connor',convert(DATETIME, '2013.12.17',102),49000);
INSERT INTO EMPLOYEES(EMPLOYEE_ID,NAME,HIRE_DATE,SALARY) VALUES (40110,'Ernie Santiago',convert(DATETIME, '2012.8.8',102),65000);
INSERT INTO EMPLOYEES(EMPLOYEE_ID,NAME,HIRE_DATE,SALARY) VALUES (40111,'Teddy Pratt',convert(DATETIME, '2007.2.22',102),79000);
INSERT INTO EMPLOYEES(EMPLOYEE_ID,NAME,HIRE_DATE,SALARY) VALUES (40112,'Leyla Perry',convert(DATETIME, '2019.11.13',102),54000);
INSERT INTO EMPLOYEES(EMPLOYEE_ID,NAME,HIRE_DATE,SALARY) VALUES (40113,'Eliza Mcdonald',convert(DATETIME, '2004.6.21',102),69000);
INSERT INTO EMPLOYEES(EMPLOYEE_ID,NAME,HIRE_DATE,SALARY) VALUES (40114,'Mark Brock',convert(DATETIME, '2010.5.4',102),79000);
INSERT INTO EMPLOYEES(EMPLOYEE_ID,NAME,HIRE_DATE,SALARY) VALUES (40115,'Kelsie Vu',convert(DATETIME, '2009.5.6',102),60000);
INSERT INTO EMPLOYEES(EMPLOYEE_ID,NAME,HIRE_DATE,SALARY) VALUES (40116,'Kristina Chambers',convert(DATETIME, '2016.10.27',102),66000);
INSERT INTO EMPLOYEES(EMPLOYEE_ID,NAME,HIRE_DATE,SALARY) VALUES (40117,'Marlie Fields',convert(DATETIME, '2009.11.10',102),76000);
INSERT INTO EMPLOYEES(EMPLOYEE_ID,NAME,HIRE_DATE,SALARY) VALUES (40118,'Oliwier Byrd',convert(DATETIME, '2013.9.25',102),49000);
INSERT INTO EMPLOYEES(EMPLOYEE_ID,NAME,HIRE_DATE,SALARY) VALUES (40119,'Tamzin Villanueva',convert(DATETIME, '2016.12.23',102),68000);
INSERT INTO EMPLOYEES(EMPLOYEE_ID,NAME,HIRE_DATE,SALARY) VALUES (40120,'Sade Everett',convert(DATETIME, '2019.12.6',102),61000);

INSERT INTO PILOTS(EMPLOYEE_ID,FLYING_HOURS) VALUES (20001,29796);
INSERT INTO PILOTS(EMPLOYEE_ID,FLYING_HOURS) VALUES (20002,20820);
INSERT INTO PILOTS(EMPLOYEE_ID,FLYING_HOURS) VALUES (20003,33033);
INSERT INTO PILOTS(EMPLOYEE_ID,FLYING_HOURS) VALUES (20004,25615);
INSERT INTO PILOTS(EMPLOYEE_ID,FLYING_HOURS) VALUES (20005,2762);
INSERT INTO PILOTS(EMPLOYEE_ID,FLYING_HOURS) VALUES (20006,11372);
INSERT INTO PILOTS(EMPLOYEE_ID,FLYING_HOURS) VALUES (20007,19217);
INSERT INTO PILOTS(EMPLOYEE_ID,FLYING_HOURS) VALUES (20008,33743);
INSERT INTO PILOTS(EMPLOYEE_ID,FLYING_HOURS) VALUES (20009,42008);
INSERT INTO PILOTS(EMPLOYEE_ID,FLYING_HOURS) VALUES (20010,33755);
INSERT INTO PILOTS(EMPLOYEE_ID,FLYING_HOURS) VALUES (20011,44860);
INSERT INTO PILOTS(EMPLOYEE_ID,FLYING_HOURS) VALUES (20012,5232);
INSERT INTO PILOTS(EMPLOYEE_ID,FLYING_HOURS) VALUES (20013,40563);
INSERT INTO PILOTS(EMPLOYEE_ID,FLYING_HOURS) VALUES (20014,1757);
INSERT INTO PILOTS(EMPLOYEE_ID,FLYING_HOURS) VALUES (20015,2956);
INSERT INTO PILOTS(EMPLOYEE_ID,FLYING_HOURS) VALUES (20016,27493);
INSERT INTO PILOTS(EMPLOYEE_ID,FLYING_HOURS) VALUES (20017,14784);
INSERT INTO PILOTS(EMPLOYEE_ID,FLYING_HOURS) VALUES (20018,25058);
INSERT INTO PILOTS(EMPLOYEE_ID,FLYING_HOURS) VALUES (20019,22627);
INSERT INTO PILOTS(EMPLOYEE_ID,FLYING_HOURS) VALUES (20020,32718);
INSERT INTO PILOTS(EMPLOYEE_ID,FLYING_HOURS) VALUES (20021,13727);
INSERT INTO PILOTS(EMPLOYEE_ID,FLYING_HOURS) VALUES (20022,26567);
INSERT INTO PILOTS(EMPLOYEE_ID,FLYING_HOURS) VALUES (20023,26562);
INSERT INTO PILOTS(EMPLOYEE_ID,FLYING_HOURS) VALUES (20024,49465);
INSERT INTO PILOTS(EMPLOYEE_ID,FLYING_HOURS) VALUES (20025,26843);
INSERT INTO PILOTS(EMPLOYEE_ID,FLYING_HOURS) VALUES (20026,28235);
INSERT INTO PILOTS(EMPLOYEE_ID,FLYING_HOURS) VALUES (20027,12753);
INSERT INTO PILOTS(EMPLOYEE_ID,FLYING_HOURS) VALUES (20028,49613);
INSERT INTO PILOTS(EMPLOYEE_ID,FLYING_HOURS) VALUES (20029,41580);
INSERT INTO PILOTS(EMPLOYEE_ID,FLYING_HOURS) VALUES (20030,14045);
INSERT INTO PILOTS(EMPLOYEE_ID,FLYING_HOURS) VALUES (20031,40131);
INSERT INTO PILOTS(EMPLOYEE_ID,FLYING_HOURS) VALUES (20032,44368);
INSERT INTO PILOTS(EMPLOYEE_ID,FLYING_HOURS) VALUES (20033,29587);
INSERT INTO PILOTS(EMPLOYEE_ID,FLYING_HOURS) VALUES (20034,45161);
INSERT INTO PILOTS(EMPLOYEE_ID,FLYING_HOURS) VALUES (20035,15721);
INSERT INTO PILOTS(EMPLOYEE_ID,FLYING_HOURS) VALUES (20036,47226);
INSERT INTO PILOTS(EMPLOYEE_ID,FLYING_HOURS) VALUES (20037,22883);
INSERT INTO PILOTS(EMPLOYEE_ID,FLYING_HOURS) VALUES (20038,45140);
INSERT INTO PILOTS(EMPLOYEE_ID,FLYING_HOURS) VALUES (20039,3658);
INSERT INTO PILOTS(EMPLOYEE_ID,FLYING_HOURS) VALUES (20040,28254);
INSERT INTO PILOTS(EMPLOYEE_ID,FLYING_HOURS) VALUES (20041,30516);
INSERT INTO PILOTS(EMPLOYEE_ID,FLYING_HOURS) VALUES (20042,42398);
INSERT INTO PILOTS(EMPLOYEE_ID,FLYING_HOURS) VALUES (20043,39442);
INSERT INTO PILOTS(EMPLOYEE_ID,FLYING_HOURS) VALUES (20044,42523);
INSERT INTO PILOTS(EMPLOYEE_ID,FLYING_HOURS) VALUES (20045,12350);
INSERT INTO PILOTS(EMPLOYEE_ID,FLYING_HOURS) VALUES (20046,8342);
INSERT INTO PILOTS(EMPLOYEE_ID,FLYING_HOURS) VALUES (20047,38098);
INSERT INTO PILOTS(EMPLOYEE_ID,FLYING_HOURS) VALUES (20048,12709);
INSERT INTO PILOTS(EMPLOYEE_ID,FLYING_HOURS) VALUES (20049,21527);
INSERT INTO PILOTS(EMPLOYEE_ID,FLYING_HOURS) VALUES (20050,34945);
INSERT INTO PILOTS(EMPLOYEE_ID,FLYING_HOURS) VALUES (20051,5047);
INSERT INTO PILOTS(EMPLOYEE_ID,FLYING_HOURS) VALUES (20052,47577);
INSERT INTO PILOTS(EMPLOYEE_ID,FLYING_HOURS) VALUES (20053,3649);
INSERT INTO PILOTS(EMPLOYEE_ID,FLYING_HOURS) VALUES (20054,14216);
INSERT INTO PILOTS(EMPLOYEE_ID,FLYING_HOURS) VALUES (20055,47328);
INSERT INTO PILOTS(EMPLOYEE_ID,FLYING_HOURS) VALUES (20056,1092);
INSERT INTO PILOTS(EMPLOYEE_ID,FLYING_HOURS) VALUES (20057,41115);
INSERT INTO PILOTS(EMPLOYEE_ID,FLYING_HOURS) VALUES (20058,9147);
INSERT INTO PILOTS(EMPLOYEE_ID,FLYING_HOURS) VALUES (20059,23640);
INSERT INTO PILOTS(EMPLOYEE_ID,FLYING_HOURS) VALUES (20060,23855);
INSERT INTO PILOTS(EMPLOYEE_ID,FLYING_HOURS) VALUES (20061,13124);
INSERT INTO PILOTS(EMPLOYEE_ID,FLYING_HOURS) VALUES (20062,6438);
INSERT INTO PILOTS(EMPLOYEE_ID,FLYING_HOURS) VALUES (20063,20142);
INSERT INTO PILOTS(EMPLOYEE_ID,FLYING_HOURS) VALUES (20064,19449);
INSERT INTO PILOTS(EMPLOYEE_ID,FLYING_HOURS) VALUES (20065,10908);
INSERT INTO PILOTS(EMPLOYEE_ID,FLYING_HOURS) VALUES (20066,28511);
INSERT INTO PILOTS(EMPLOYEE_ID,FLYING_HOURS) VALUES (20067,18398);
INSERT INTO PILOTS(EMPLOYEE_ID,FLYING_HOURS) VALUES (20068,23716);
INSERT INTO PILOTS(EMPLOYEE_ID,FLYING_HOURS) VALUES (20069,30802);
INSERT INTO PILOTS(EMPLOYEE_ID,FLYING_HOURS) VALUES (20070,26255);
INSERT INTO PILOTS(EMPLOYEE_ID,FLYING_HOURS) VALUES (20071,18965);
INSERT INTO PILOTS(EMPLOYEE_ID,FLYING_HOURS) VALUES (20072,6452);
INSERT INTO PILOTS(EMPLOYEE_ID,FLYING_HOURS) VALUES (20073,30263);
INSERT INTO PILOTS(EMPLOYEE_ID,FLYING_HOURS) VALUES (20074,40579);
INSERT INTO PILOTS(EMPLOYEE_ID,FLYING_HOURS) VALUES (20075,691);
INSERT INTO PILOTS(EMPLOYEE_ID,FLYING_HOURS) VALUES (20076,45769);
INSERT INTO PILOTS(EMPLOYEE_ID,FLYING_HOURS) VALUES (20077,21935);
INSERT INTO PILOTS(EMPLOYEE_ID,FLYING_HOURS) VALUES (20078,34552);
INSERT INTO PILOTS(EMPLOYEE_ID,FLYING_HOURS) VALUES (20079,29693);
INSERT INTO PILOTS(EMPLOYEE_ID,FLYING_HOURS) VALUES (20080,48250);
INSERT INTO PILOTS(EMPLOYEE_ID,FLYING_HOURS) VALUES (20081,4921);
INSERT INTO PILOTS(EMPLOYEE_ID,FLYING_HOURS) VALUES (20082,13950);
INSERT INTO PILOTS(EMPLOYEE_ID,FLYING_HOURS) VALUES (20083,39362);
INSERT INTO PILOTS(EMPLOYEE_ID,FLYING_HOURS) VALUES (20084,14110);
INSERT INTO PILOTS(EMPLOYEE_ID,FLYING_HOURS) VALUES (20085,29201);
INSERT INTO PILOTS(EMPLOYEE_ID,FLYING_HOURS) VALUES (20086,40404);
INSERT INTO PILOTS(EMPLOYEE_ID,FLYING_HOURS) VALUES (20087,7128);
INSERT INTO PILOTS(EMPLOYEE_ID,FLYING_HOURS) VALUES (20088,41223);
INSERT INTO PILOTS(EMPLOYEE_ID,FLYING_HOURS) VALUES (20089,11255);
INSERT INTO PILOTS(EMPLOYEE_ID,FLYING_HOURS) VALUES (20090,35867);
INSERT INTO PILOTS(EMPLOYEE_ID,FLYING_HOURS) VALUES (20091,20219);
INSERT INTO PILOTS(EMPLOYEE_ID,FLYING_HOURS) VALUES (20092,13129);
INSERT INTO PILOTS(EMPLOYEE_ID,FLYING_HOURS) VALUES (20093,27293);
INSERT INTO PILOTS(EMPLOYEE_ID,FLYING_HOURS) VALUES (20094,14953);
INSERT INTO PILOTS(EMPLOYEE_ID,FLYING_HOURS) VALUES (20095,10670);
INSERT INTO PILOTS(EMPLOYEE_ID,FLYING_HOURS) VALUES (20096,1058);
INSERT INTO PILOTS(EMPLOYEE_ID,FLYING_HOURS) VALUES (20097,41672);
INSERT INTO PILOTS(EMPLOYEE_ID,FLYING_HOURS) VALUES (20098,8082);
INSERT INTO PILOTS(EMPLOYEE_ID,FLYING_HOURS) VALUES (20099,4163);
INSERT INTO PILOTS(EMPLOYEE_ID,FLYING_HOURS) VALUES (20100,44995);
INSERT INTO PILOTS(EMPLOYEE_ID,FLYING_HOURS) VALUES (20101,8163);
INSERT INTO PILOTS(EMPLOYEE_ID,FLYING_HOURS) VALUES (20102,10330);
INSERT INTO PILOTS(EMPLOYEE_ID,FLYING_HOURS) VALUES (20103,3452);
INSERT INTO PILOTS(EMPLOYEE_ID,FLYING_HOURS) VALUES (20104,1620);
INSERT INTO PILOTS(EMPLOYEE_ID,FLYING_HOURS) VALUES (20105,41698);
INSERT INTO PILOTS(EMPLOYEE_ID,FLYING_HOURS) VALUES (20106,12648);
INSERT INTO PILOTS(EMPLOYEE_ID,FLYING_HOURS) VALUES (20107,7535);
INSERT INTO PILOTS(EMPLOYEE_ID,FLYING_HOURS) VALUES (20108,40363);
INSERT INTO PILOTS(EMPLOYEE_ID,FLYING_HOURS) VALUES (20109,16374);
INSERT INTO PILOTS(EMPLOYEE_ID,FLYING_HOURS) VALUES (20110,5283);
INSERT INTO PILOTS(EMPLOYEE_ID,FLYING_HOURS) VALUES (20111,9745);
INSERT INTO PILOTS(EMPLOYEE_ID,FLYING_HOURS) VALUES (20112,13683);
INSERT INTO PILOTS(EMPLOYEE_ID,FLYING_HOURS) VALUES (20113,4091);
INSERT INTO PILOTS(EMPLOYEE_ID,FLYING_HOURS) VALUES (20114,2585);
INSERT INTO PILOTS(EMPLOYEE_ID,FLYING_HOURS) VALUES (20115,44923);
INSERT INTO PILOTS(EMPLOYEE_ID,FLYING_HOURS) VALUES (20116,5693);
INSERT INTO PILOTS(EMPLOYEE_ID,FLYING_HOURS) VALUES (20117,5196);
INSERT INTO PILOTS(EMPLOYEE_ID,FLYING_HOURS) VALUES (20118,15581);
INSERT INTO PILOTS(EMPLOYEE_ID,FLYING_HOURS) VALUES (20119,16348);
INSERT INTO PILOTS(EMPLOYEE_ID,FLYING_HOURS) VALUES (20120,34610);
INSERT INTO PILOTS(EMPLOYEE_ID,FLYING_HOURS) VALUES (20121,36041);
INSERT INTO PILOTS(EMPLOYEE_ID,FLYING_HOURS) VALUES (20122,18861);
INSERT INTO PILOTS(EMPLOYEE_ID,FLYING_HOURS) VALUES (20123,1266);
INSERT INTO PILOTS(EMPLOYEE_ID,FLYING_HOURS) VALUES (20124,47182);
INSERT INTO PILOTS(EMPLOYEE_ID,FLYING_HOURS) VALUES (20125,32608);
INSERT INTO PILOTS(EMPLOYEE_ID,FLYING_HOURS) VALUES (20126,43058);
INSERT INTO PILOTS(EMPLOYEE_ID,FLYING_HOURS) VALUES (20127,28467);
INSERT INTO PILOTS(EMPLOYEE_ID,FLYING_HOURS) VALUES (20128,3857);
INSERT INTO PILOTS(EMPLOYEE_ID,FLYING_HOURS) VALUES (20129,22333);
INSERT INTO PILOTS(EMPLOYEE_ID,FLYING_HOURS) VALUES (20130,20971);
INSERT INTO PILOTS(EMPLOYEE_ID,FLYING_HOURS) VALUES (20131,17359);
INSERT INTO PILOTS(EMPLOYEE_ID,FLYING_HOURS) VALUES (20132,18554);
INSERT INTO PILOTS(EMPLOYEE_ID,FLYING_HOURS) VALUES (20133,16251);
INSERT INTO PILOTS(EMPLOYEE_ID,FLYING_HOURS) VALUES (20134,26610);
INSERT INTO PILOTS(EMPLOYEE_ID,FLYING_HOURS) VALUES (20135,45655);
INSERT INTO PILOTS(EMPLOYEE_ID,FLYING_HOURS) VALUES (20136,41219);
INSERT INTO PILOTS(EMPLOYEE_ID,FLYING_HOURS) VALUES (20137,25333);
INSERT INTO PILOTS(EMPLOYEE_ID,FLYING_HOURS) VALUES (20138,21224);
INSERT INTO PILOTS(EMPLOYEE_ID,FLYING_HOURS) VALUES (20139,43028);
INSERT INTO PILOTS(EMPLOYEE_ID,FLYING_HOURS) VALUES (20140,25573);
INSERT INTO PILOTS(EMPLOYEE_ID,FLYING_HOURS) VALUES (20141,26291);
INSERT INTO PILOTS(EMPLOYEE_ID,FLYING_HOURS) VALUES (20142,45602);
INSERT INTO PILOTS(EMPLOYEE_ID,FLYING_HOURS) VALUES (20143,26987);
INSERT INTO PILOTS(EMPLOYEE_ID,FLYING_HOURS) VALUES (20144,44043);
INSERT INTO PILOTS(EMPLOYEE_ID,FLYING_HOURS) VALUES (20145,585);
INSERT INTO PILOTS(EMPLOYEE_ID,FLYING_HOURS) VALUES (20146,21721);
INSERT INTO PILOTS(EMPLOYEE_ID,FLYING_HOURS) VALUES (20147,1091);
INSERT INTO PILOTS(EMPLOYEE_ID,FLYING_HOURS) VALUES (20148,10352);
INSERT INTO PILOTS(EMPLOYEE_ID,FLYING_HOURS) VALUES (20149,21675);
INSERT INTO PILOTS(EMPLOYEE_ID,FLYING_HOURS) VALUES (20150,29605);


INSERT INTO MAINTENANCE_CREW(EMPLOYEE_ID,SPECIALIZATION) VALUES (40001,'Cessna');
INSERT INTO MAINTENANCE_CREW(EMPLOYEE_ID,SPECIALIZATION) VALUES (40002,'Airbus');
INSERT INTO MAINTENANCE_CREW(EMPLOYEE_ID,SPECIALIZATION) VALUES (40003,'Cessna');
INSERT INTO MAINTENANCE_CREW(EMPLOYEE_ID,SPECIALIZATION) VALUES (40004,'Airbus');
INSERT INTO MAINTENANCE_CREW(EMPLOYEE_ID,SPECIALIZATION) VALUES (40005,'Cessna');
INSERT INTO MAINTENANCE_CREW(EMPLOYEE_ID,SPECIALIZATION) VALUES (40006,'Cessna');
INSERT INTO MAINTENANCE_CREW(EMPLOYEE_ID,SPECIALIZATION) VALUES (40007,'Airbus');
INSERT INTO MAINTENANCE_CREW(EMPLOYEE_ID,SPECIALIZATION) VALUES (40008,'Bombardier');
INSERT INTO MAINTENANCE_CREW(EMPLOYEE_ID,SPECIALIZATION) VALUES (40009,'Cessna');
INSERT INTO MAINTENANCE_CREW(EMPLOYEE_ID,SPECIALIZATION) VALUES (40010,'Airbus');
INSERT INTO MAINTENANCE_CREW(EMPLOYEE_ID,SPECIALIZATION) VALUES (40011,'Airbus');
INSERT INTO MAINTENANCE_CREW(EMPLOYEE_ID,SPECIALIZATION) VALUES (40012,'Cessna');
INSERT INTO MAINTENANCE_CREW(EMPLOYEE_ID,SPECIALIZATION) VALUES (40013,'Bombardier');
INSERT INTO MAINTENANCE_CREW(EMPLOYEE_ID,SPECIALIZATION) VALUES (40014,'Airbus');
INSERT INTO MAINTENANCE_CREW(EMPLOYEE_ID,SPECIALIZATION) VALUES (40015,'Cessna');
INSERT INTO MAINTENANCE_CREW(EMPLOYEE_ID,SPECIALIZATION) VALUES (40016,'Cessna');
INSERT INTO MAINTENANCE_CREW(EMPLOYEE_ID,SPECIALIZATION) VALUES (40017,'Cessna');
INSERT INTO MAINTENANCE_CREW(EMPLOYEE_ID,SPECIALIZATION) VALUES (40018,'Bombardier');
INSERT INTO MAINTENANCE_CREW(EMPLOYEE_ID,SPECIALIZATION) VALUES (40019,'Bombardier');
INSERT INTO MAINTENANCE_CREW(EMPLOYEE_ID,SPECIALIZATION) VALUES (40020,'Airbus');
INSERT INTO MAINTENANCE_CREW(EMPLOYEE_ID,SPECIALIZATION) VALUES (40021,'Airbus');
INSERT INTO MAINTENANCE_CREW(EMPLOYEE_ID,SPECIALIZATION) VALUES (40022,'Cessna');
INSERT INTO MAINTENANCE_CREW(EMPLOYEE_ID,SPECIALIZATION) VALUES (40023,'Bombardier');
INSERT INTO MAINTENANCE_CREW(EMPLOYEE_ID,SPECIALIZATION) VALUES (40024,'Cessna');
INSERT INTO MAINTENANCE_CREW(EMPLOYEE_ID,SPECIALIZATION) VALUES (40025,'Bombardier');
INSERT INTO MAINTENANCE_CREW(EMPLOYEE_ID,SPECIALIZATION) VALUES (40026,'Bombardier');
INSERT INTO MAINTENANCE_CREW(EMPLOYEE_ID,SPECIALIZATION) VALUES (40027,'Cessna');
INSERT INTO MAINTENANCE_CREW(EMPLOYEE_ID,SPECIALIZATION) VALUES (40028,'Bombardier');
INSERT INTO MAINTENANCE_CREW(EMPLOYEE_ID,SPECIALIZATION) VALUES (40029,'Airbus');
INSERT INTO MAINTENANCE_CREW(EMPLOYEE_ID,SPECIALIZATION) VALUES (40030,'Cessna');
INSERT INTO MAINTENANCE_CREW(EMPLOYEE_ID,SPECIALIZATION) VALUES (40031,'Bombardier');
INSERT INTO MAINTENANCE_CREW(EMPLOYEE_ID,SPECIALIZATION) VALUES (40032,'Cessna');
INSERT INTO MAINTENANCE_CREW(EMPLOYEE_ID,SPECIALIZATION) VALUES (40033,'Airbus');
INSERT INTO MAINTENANCE_CREW(EMPLOYEE_ID,SPECIALIZATION) VALUES (40034,'Cessna');
INSERT INTO MAINTENANCE_CREW(EMPLOYEE_ID,SPECIALIZATION) VALUES (40035,'Bombardier');
INSERT INTO MAINTENANCE_CREW(EMPLOYEE_ID,SPECIALIZATION) VALUES (40036,'Airbus');
INSERT INTO MAINTENANCE_CREW(EMPLOYEE_ID,SPECIALIZATION) VALUES (40037,'Bombardier');
INSERT INTO MAINTENANCE_CREW(EMPLOYEE_ID,SPECIALIZATION) VALUES (40038,'Airbus');
INSERT INTO MAINTENANCE_CREW(EMPLOYEE_ID,SPECIALIZATION) VALUES (40039,'Cessna');
INSERT INTO MAINTENANCE_CREW(EMPLOYEE_ID,SPECIALIZATION) VALUES (40040,'Cessna');
INSERT INTO MAINTENANCE_CREW(EMPLOYEE_ID,SPECIALIZATION) VALUES (40041,'Cessna');
INSERT INTO MAINTENANCE_CREW(EMPLOYEE_ID,SPECIALIZATION) VALUES (40042,'Cessna');
INSERT INTO MAINTENANCE_CREW(EMPLOYEE_ID,SPECIALIZATION) VALUES (40043,'Bombardier');
INSERT INTO MAINTENANCE_CREW(EMPLOYEE_ID,SPECIALIZATION) VALUES (40044,'Bombardier');
INSERT INTO MAINTENANCE_CREW(EMPLOYEE_ID,SPECIALIZATION) VALUES (40045,'Airbus');
INSERT INTO MAINTENANCE_CREW(EMPLOYEE_ID,SPECIALIZATION) VALUES (40046,'Cessna');
INSERT INTO MAINTENANCE_CREW(EMPLOYEE_ID,SPECIALIZATION) VALUES (40047,'Airbus');
INSERT INTO MAINTENANCE_CREW(EMPLOYEE_ID,SPECIALIZATION) VALUES (40048,'Bombardier');
INSERT INTO MAINTENANCE_CREW(EMPLOYEE_ID,SPECIALIZATION) VALUES (40049,'Bombardier');
INSERT INTO MAINTENANCE_CREW(EMPLOYEE_ID,SPECIALIZATION) VALUES (40050,'Bombardier');
INSERT INTO MAINTENANCE_CREW(EMPLOYEE_ID,SPECIALIZATION) VALUES (40051,'Bombardier');
INSERT INTO MAINTENANCE_CREW(EMPLOYEE_ID,SPECIALIZATION) VALUES (40052,'Bombardier');
INSERT INTO MAINTENANCE_CREW(EMPLOYEE_ID,SPECIALIZATION) VALUES (40053,'Bombardier');
INSERT INTO MAINTENANCE_CREW(EMPLOYEE_ID,SPECIALIZATION) VALUES (40054,'Airbus');
INSERT INTO MAINTENANCE_CREW(EMPLOYEE_ID,SPECIALIZATION) VALUES (40055,'Bombardier');
INSERT INTO MAINTENANCE_CREW(EMPLOYEE_ID,SPECIALIZATION) VALUES (40056,'Cessna');
INSERT INTO MAINTENANCE_CREW(EMPLOYEE_ID,SPECIALIZATION) VALUES (40057,'Airbus');
INSERT INTO MAINTENANCE_CREW(EMPLOYEE_ID,SPECIALIZATION) VALUES (40058,'Cessna');
INSERT INTO MAINTENANCE_CREW(EMPLOYEE_ID,SPECIALIZATION) VALUES (40059,'Bombardier');
INSERT INTO MAINTENANCE_CREW(EMPLOYEE_ID,SPECIALIZATION) VALUES (40060,'Cessna');
INSERT INTO MAINTENANCE_CREW(EMPLOYEE_ID,SPECIALIZATION) VALUES (40061,'Cessna');
INSERT INTO MAINTENANCE_CREW(EMPLOYEE_ID,SPECIALIZATION) VALUES (40062,'Cessna');
INSERT INTO MAINTENANCE_CREW(EMPLOYEE_ID,SPECIALIZATION) VALUES (40063,'Cessna');
INSERT INTO MAINTENANCE_CREW(EMPLOYEE_ID,SPECIALIZATION) VALUES (40064,'Cessna');
INSERT INTO MAINTENANCE_CREW(EMPLOYEE_ID,SPECIALIZATION) VALUES (40065,'Airbus');
INSERT INTO MAINTENANCE_CREW(EMPLOYEE_ID,SPECIALIZATION) VALUES (40066,'Airbus');
INSERT INTO MAINTENANCE_CREW(EMPLOYEE_ID,SPECIALIZATION) VALUES (40067,'Bombardier');
INSERT INTO MAINTENANCE_CREW(EMPLOYEE_ID,SPECIALIZATION) VALUES (40068,'Airbus');
INSERT INTO MAINTENANCE_CREW(EMPLOYEE_ID,SPECIALIZATION) VALUES (40069,'Cessna');
INSERT INTO MAINTENANCE_CREW(EMPLOYEE_ID,SPECIALIZATION) VALUES (40070,'Bombardier');
INSERT INTO MAINTENANCE_CREW(EMPLOYEE_ID,SPECIALIZATION) VALUES (40071,'Airbus');
INSERT INTO MAINTENANCE_CREW(EMPLOYEE_ID,SPECIALIZATION) VALUES (40072,'Airbus');
INSERT INTO MAINTENANCE_CREW(EMPLOYEE_ID,SPECIALIZATION) VALUES (40073,'Bombardier');
INSERT INTO MAINTENANCE_CREW(EMPLOYEE_ID,SPECIALIZATION) VALUES (40074,'Bombardier');
INSERT INTO MAINTENANCE_CREW(EMPLOYEE_ID,SPECIALIZATION) VALUES (40075,'Airbus');
INSERT INTO MAINTENANCE_CREW(EMPLOYEE_ID,SPECIALIZATION) VALUES (40076,'Airbus');
INSERT INTO MAINTENANCE_CREW(EMPLOYEE_ID,SPECIALIZATION) VALUES (40077,'Cessna');
INSERT INTO MAINTENANCE_CREW(EMPLOYEE_ID,SPECIALIZATION) VALUES (40078,'Bombardier');
INSERT INTO MAINTENANCE_CREW(EMPLOYEE_ID,SPECIALIZATION) VALUES (40079,'Cessna');
INSERT INTO MAINTENANCE_CREW(EMPLOYEE_ID,SPECIALIZATION) VALUES (40080,'Bombardier');
INSERT INTO MAINTENANCE_CREW(EMPLOYEE_ID,SPECIALIZATION) VALUES (40081,'Bombardier');
INSERT INTO MAINTENANCE_CREW(EMPLOYEE_ID,SPECIALIZATION) VALUES (40082,'Cessna');
INSERT INTO MAINTENANCE_CREW(EMPLOYEE_ID,SPECIALIZATION) VALUES (40083,'Airbus');
INSERT INTO MAINTENANCE_CREW(EMPLOYEE_ID,SPECIALIZATION) VALUES (40084,'Bombardier');
INSERT INTO MAINTENANCE_CREW(EMPLOYEE_ID,SPECIALIZATION) VALUES (40085,'Airbus');
INSERT INTO MAINTENANCE_CREW(EMPLOYEE_ID,SPECIALIZATION) VALUES (40086,'Bombardier');
INSERT INTO MAINTENANCE_CREW(EMPLOYEE_ID,SPECIALIZATION) VALUES (40087,'Bombardier');
INSERT INTO MAINTENANCE_CREW(EMPLOYEE_ID,SPECIALIZATION) VALUES (40088,'Airbus');
INSERT INTO MAINTENANCE_CREW(EMPLOYEE_ID,SPECIALIZATION) VALUES (40089,'Cessna');
INSERT INTO MAINTENANCE_CREW(EMPLOYEE_ID,SPECIALIZATION) VALUES (40090,'Airbus');
INSERT INTO MAINTENANCE_CREW(EMPLOYEE_ID,SPECIALIZATION) VALUES (40091,'Cessna');
INSERT INTO MAINTENANCE_CREW(EMPLOYEE_ID,SPECIALIZATION) VALUES (40092,'Airbus');
INSERT INTO MAINTENANCE_CREW(EMPLOYEE_ID,SPECIALIZATION) VALUES (40093,'Cessna');
INSERT INTO MAINTENANCE_CREW(EMPLOYEE_ID,SPECIALIZATION) VALUES (40094,'Airbus');
INSERT INTO MAINTENANCE_CREW(EMPLOYEE_ID,SPECIALIZATION) VALUES (40095,'Bombardier');
INSERT INTO MAINTENANCE_CREW(EMPLOYEE_ID,SPECIALIZATION) VALUES (40096,'Bombardier');
INSERT INTO MAINTENANCE_CREW(EMPLOYEE_ID,SPECIALIZATION) VALUES (40097,'Bombardier');
INSERT INTO MAINTENANCE_CREW(EMPLOYEE_ID,SPECIALIZATION) VALUES (40098,'Bombardier');
INSERT INTO MAINTENANCE_CREW(EMPLOYEE_ID,SPECIALIZATION) VALUES (40099,'Bombardier');
INSERT INTO MAINTENANCE_CREW(EMPLOYEE_ID,SPECIALIZATION) VALUES (40100,'Bombardier');
INSERT INTO MAINTENANCE_CREW(EMPLOYEE_ID,SPECIALIZATION) VALUES (40101,'Airbus');
INSERT INTO MAINTENANCE_CREW(EMPLOYEE_ID,SPECIALIZATION) VALUES (40102,'Airbus');
INSERT INTO MAINTENANCE_CREW(EMPLOYEE_ID,SPECIALIZATION) VALUES (40103,'Bombardier');
INSERT INTO MAINTENANCE_CREW(EMPLOYEE_ID,SPECIALIZATION) VALUES (40104,'Bombardier');
INSERT INTO MAINTENANCE_CREW(EMPLOYEE_ID,SPECIALIZATION) VALUES (40105,'Cessna');
INSERT INTO MAINTENANCE_CREW(EMPLOYEE_ID,SPECIALIZATION) VALUES (40106,'Bombardier');
INSERT INTO MAINTENANCE_CREW(EMPLOYEE_ID,SPECIALIZATION) VALUES (40107,'Cessna');
INSERT INTO MAINTENANCE_CREW(EMPLOYEE_ID,SPECIALIZATION) VALUES (40108,'Bombardier');
INSERT INTO MAINTENANCE_CREW(EMPLOYEE_ID,SPECIALIZATION) VALUES (40109,'Cessna');
INSERT INTO MAINTENANCE_CREW(EMPLOYEE_ID,SPECIALIZATION) VALUES (40110,'Cessna');
INSERT INTO MAINTENANCE_CREW(EMPLOYEE_ID,SPECIALIZATION) VALUES (40111,'Bombardier');
INSERT INTO MAINTENANCE_CREW(EMPLOYEE_ID,SPECIALIZATION) VALUES (40112,'Airbus');
INSERT INTO MAINTENANCE_CREW(EMPLOYEE_ID,SPECIALIZATION) VALUES (40113,'Cessna');
INSERT INTO MAINTENANCE_CREW(EMPLOYEE_ID,SPECIALIZATION) VALUES (40114,'Bombardier');
INSERT INTO MAINTENANCE_CREW(EMPLOYEE_ID,SPECIALIZATION) VALUES (40115,'Bombardier');
INSERT INTO MAINTENANCE_CREW(EMPLOYEE_ID,SPECIALIZATION) VALUES (40116,'Airbus');
INSERT INTO MAINTENANCE_CREW(EMPLOYEE_ID,SPECIALIZATION) VALUES (40117,'Cessna');
INSERT INTO MAINTENANCE_CREW(EMPLOYEE_ID,SPECIALIZATION) VALUES (40118,'Airbus');
INSERT INTO MAINTENANCE_CREW(EMPLOYEE_ID,SPECIALIZATION) VALUES (40119,'Bombardier');
INSERT INTO MAINTENANCE_CREW(EMPLOYEE_ID,SPECIALIZATION) VALUES (40120,'Airbus');


INSERT INTO FLIGHT_ATTENDANTS(EMPLOYEE_ID,LANGUAGES) VALUES (30001,3);
INSERT INTO FLIGHT_ATTENDANTS(EMPLOYEE_ID,LANGUAGES) VALUES (30002,5);
INSERT INTO FLIGHT_ATTENDANTS(EMPLOYEE_ID,LANGUAGES) VALUES (30003,2);
INSERT INTO FLIGHT_ATTENDANTS(EMPLOYEE_ID,LANGUAGES) VALUES (30004,3);
INSERT INTO FLIGHT_ATTENDANTS(EMPLOYEE_ID,LANGUAGES) VALUES (30005,3);
INSERT INTO FLIGHT_ATTENDANTS(EMPLOYEE_ID,LANGUAGES) VALUES (30006,4);
INSERT INTO FLIGHT_ATTENDANTS(EMPLOYEE_ID,LANGUAGES) VALUES (30007,2);
INSERT INTO FLIGHT_ATTENDANTS(EMPLOYEE_ID,LANGUAGES) VALUES (30008,3);
INSERT INTO FLIGHT_ATTENDANTS(EMPLOYEE_ID,LANGUAGES) VALUES (30009,3);
INSERT INTO FLIGHT_ATTENDANTS(EMPLOYEE_ID,LANGUAGES) VALUES (30010,4);
INSERT INTO FLIGHT_ATTENDANTS(EMPLOYEE_ID,LANGUAGES) VALUES (30011,2);
INSERT INTO FLIGHT_ATTENDANTS(EMPLOYEE_ID,LANGUAGES) VALUES (30012,5);
INSERT INTO FLIGHT_ATTENDANTS(EMPLOYEE_ID,LANGUAGES) VALUES (30013,2);
INSERT INTO FLIGHT_ATTENDANTS(EMPLOYEE_ID,LANGUAGES) VALUES (30014,4);
INSERT INTO FLIGHT_ATTENDANTS(EMPLOYEE_ID,LANGUAGES) VALUES (30015,4);
INSERT INTO FLIGHT_ATTENDANTS(EMPLOYEE_ID,LANGUAGES) VALUES (30016,3);
INSERT INTO FLIGHT_ATTENDANTS(EMPLOYEE_ID,LANGUAGES) VALUES (30017,3);
INSERT INTO FLIGHT_ATTENDANTS(EMPLOYEE_ID,LANGUAGES) VALUES (30018,3);
INSERT INTO FLIGHT_ATTENDANTS(EMPLOYEE_ID,LANGUAGES) VALUES (30019,4);
INSERT INTO FLIGHT_ATTENDANTS(EMPLOYEE_ID,LANGUAGES) VALUES (30020,2);
INSERT INTO FLIGHT_ATTENDANTS(EMPLOYEE_ID,LANGUAGES) VALUES (30021,3);
INSERT INTO FLIGHT_ATTENDANTS(EMPLOYEE_ID,LANGUAGES) VALUES (30022,5);
INSERT INTO FLIGHT_ATTENDANTS(EMPLOYEE_ID,LANGUAGES) VALUES (30023,3);
INSERT INTO FLIGHT_ATTENDANTS(EMPLOYEE_ID,LANGUAGES) VALUES (30024,2);
INSERT INTO FLIGHT_ATTENDANTS(EMPLOYEE_ID,LANGUAGES) VALUES (30025,3);
INSERT INTO FLIGHT_ATTENDANTS(EMPLOYEE_ID,LANGUAGES) VALUES (30026,4);
INSERT INTO FLIGHT_ATTENDANTS(EMPLOYEE_ID,LANGUAGES) VALUES (30027,5);
INSERT INTO FLIGHT_ATTENDANTS(EMPLOYEE_ID,LANGUAGES) VALUES (30028,3);
INSERT INTO FLIGHT_ATTENDANTS(EMPLOYEE_ID,LANGUAGES) VALUES (30029,5);
INSERT INTO FLIGHT_ATTENDANTS(EMPLOYEE_ID,LANGUAGES) VALUES (30030,2);
INSERT INTO FLIGHT_ATTENDANTS(EMPLOYEE_ID,LANGUAGES) VALUES (30031,3);
INSERT INTO FLIGHT_ATTENDANTS(EMPLOYEE_ID,LANGUAGES) VALUES (30032,2);
INSERT INTO FLIGHT_ATTENDANTS(EMPLOYEE_ID,LANGUAGES) VALUES (30033,2);
INSERT INTO FLIGHT_ATTENDANTS(EMPLOYEE_ID,LANGUAGES) VALUES (30034,5);
INSERT INTO FLIGHT_ATTENDANTS(EMPLOYEE_ID,LANGUAGES) VALUES (30035,4);
INSERT INTO FLIGHT_ATTENDANTS(EMPLOYEE_ID,LANGUAGES) VALUES (30036,2);
INSERT INTO FLIGHT_ATTENDANTS(EMPLOYEE_ID,LANGUAGES) VALUES (30037,3);
INSERT INTO FLIGHT_ATTENDANTS(EMPLOYEE_ID,LANGUAGES) VALUES (30038,4);
INSERT INTO FLIGHT_ATTENDANTS(EMPLOYEE_ID,LANGUAGES) VALUES (30039,5);
INSERT INTO FLIGHT_ATTENDANTS(EMPLOYEE_ID,LANGUAGES) VALUES (30040,3);
INSERT INTO FLIGHT_ATTENDANTS(EMPLOYEE_ID,LANGUAGES) VALUES (30041,5);
INSERT INTO FLIGHT_ATTENDANTS(EMPLOYEE_ID,LANGUAGES) VALUES (30042,3);
INSERT INTO FLIGHT_ATTENDANTS(EMPLOYEE_ID,LANGUAGES) VALUES (30043,2);
INSERT INTO FLIGHT_ATTENDANTS(EMPLOYEE_ID,LANGUAGES) VALUES (30044,5);
INSERT INTO FLIGHT_ATTENDANTS(EMPLOYEE_ID,LANGUAGES) VALUES (30045,4);
INSERT INTO FLIGHT_ATTENDANTS(EMPLOYEE_ID,LANGUAGES) VALUES (30046,3);
INSERT INTO FLIGHT_ATTENDANTS(EMPLOYEE_ID,LANGUAGES) VALUES (30047,5);
INSERT INTO FLIGHT_ATTENDANTS(EMPLOYEE_ID,LANGUAGES) VALUES (30048,2);
INSERT INTO FLIGHT_ATTENDANTS(EMPLOYEE_ID,LANGUAGES) VALUES (30049,2);
INSERT INTO FLIGHT_ATTENDANTS(EMPLOYEE_ID,LANGUAGES) VALUES (30050,4);
INSERT INTO FLIGHT_ATTENDANTS(EMPLOYEE_ID,LANGUAGES) VALUES (30051,3);
INSERT INTO FLIGHT_ATTENDANTS(EMPLOYEE_ID,LANGUAGES) VALUES (30052,3);
INSERT INTO FLIGHT_ATTENDANTS(EMPLOYEE_ID,LANGUAGES) VALUES (30053,4);
INSERT INTO FLIGHT_ATTENDANTS(EMPLOYEE_ID,LANGUAGES) VALUES (30054,5);
INSERT INTO FLIGHT_ATTENDANTS(EMPLOYEE_ID,LANGUAGES) VALUES (30055,4);
INSERT INTO FLIGHT_ATTENDANTS(EMPLOYEE_ID,LANGUAGES) VALUES (30056,4);
INSERT INTO FLIGHT_ATTENDANTS(EMPLOYEE_ID,LANGUAGES) VALUES (30057,3);
INSERT INTO FLIGHT_ATTENDANTS(EMPLOYEE_ID,LANGUAGES) VALUES (30058,5);
INSERT INTO FLIGHT_ATTENDANTS(EMPLOYEE_ID,LANGUAGES) VALUES (30059,4);
INSERT INTO FLIGHT_ATTENDANTS(EMPLOYEE_ID,LANGUAGES) VALUES (30060,3);
INSERT INTO FLIGHT_ATTENDANTS(EMPLOYEE_ID,LANGUAGES) VALUES (30061,3);
INSERT INTO FLIGHT_ATTENDANTS(EMPLOYEE_ID,LANGUAGES) VALUES (30062,3);
INSERT INTO FLIGHT_ATTENDANTS(EMPLOYEE_ID,LANGUAGES) VALUES (30063,4);
INSERT INTO FLIGHT_ATTENDANTS(EMPLOYEE_ID,LANGUAGES) VALUES (30064,3);
INSERT INTO FLIGHT_ATTENDANTS(EMPLOYEE_ID,LANGUAGES) VALUES (30065,4);
INSERT INTO FLIGHT_ATTENDANTS(EMPLOYEE_ID,LANGUAGES) VALUES (30066,5);
INSERT INTO FLIGHT_ATTENDANTS(EMPLOYEE_ID,LANGUAGES) VALUES (30067,2);
INSERT INTO FLIGHT_ATTENDANTS(EMPLOYEE_ID,LANGUAGES) VALUES (30068,4);
INSERT INTO FLIGHT_ATTENDANTS(EMPLOYEE_ID,LANGUAGES) VALUES (30069,3);
INSERT INTO FLIGHT_ATTENDANTS(EMPLOYEE_ID,LANGUAGES) VALUES (30070,5);
INSERT INTO FLIGHT_ATTENDANTS(EMPLOYEE_ID,LANGUAGES) VALUES (30071,4);
INSERT INTO FLIGHT_ATTENDANTS(EMPLOYEE_ID,LANGUAGES) VALUES (30072,3);
INSERT INTO FLIGHT_ATTENDANTS(EMPLOYEE_ID,LANGUAGES) VALUES (30073,3);
INSERT INTO FLIGHT_ATTENDANTS(EMPLOYEE_ID,LANGUAGES) VALUES (30074,3);
INSERT INTO FLIGHT_ATTENDANTS(EMPLOYEE_ID,LANGUAGES) VALUES (30075,4);
INSERT INTO FLIGHT_ATTENDANTS(EMPLOYEE_ID,LANGUAGES) VALUES (30076,3);
INSERT INTO FLIGHT_ATTENDANTS(EMPLOYEE_ID,LANGUAGES) VALUES (30077,3);
INSERT INTO FLIGHT_ATTENDANTS(EMPLOYEE_ID,LANGUAGES) VALUES (30078,2);
INSERT INTO FLIGHT_ATTENDANTS(EMPLOYEE_ID,LANGUAGES) VALUES (30079,2);
INSERT INTO FLIGHT_ATTENDANTS(EMPLOYEE_ID,LANGUAGES) VALUES (30080,2);
INSERT INTO FLIGHT_ATTENDANTS(EMPLOYEE_ID,LANGUAGES) VALUES (30081,4);
INSERT INTO FLIGHT_ATTENDANTS(EMPLOYEE_ID,LANGUAGES) VALUES (30082,2);
INSERT INTO FLIGHT_ATTENDANTS(EMPLOYEE_ID,LANGUAGES) VALUES (30083,3);
INSERT INTO FLIGHT_ATTENDANTS(EMPLOYEE_ID,LANGUAGES) VALUES (30084,2);
INSERT INTO FLIGHT_ATTENDANTS(EMPLOYEE_ID,LANGUAGES) VALUES (30085,2);
INSERT INTO FLIGHT_ATTENDANTS(EMPLOYEE_ID,LANGUAGES) VALUES (30086,3);
INSERT INTO FLIGHT_ATTENDANTS(EMPLOYEE_ID,LANGUAGES) VALUES (30087,2);
INSERT INTO FLIGHT_ATTENDANTS(EMPLOYEE_ID,LANGUAGES) VALUES (30088,2);
INSERT INTO FLIGHT_ATTENDANTS(EMPLOYEE_ID,LANGUAGES) VALUES (30089,4);
INSERT INTO FLIGHT_ATTENDANTS(EMPLOYEE_ID,LANGUAGES) VALUES (30090,2);
INSERT INTO FLIGHT_ATTENDANTS(EMPLOYEE_ID,LANGUAGES) VALUES (30091,3);
INSERT INTO FLIGHT_ATTENDANTS(EMPLOYEE_ID,LANGUAGES) VALUES (30092,3);
INSERT INTO FLIGHT_ATTENDANTS(EMPLOYEE_ID,LANGUAGES) VALUES (30093,3);
INSERT INTO FLIGHT_ATTENDANTS(EMPLOYEE_ID,LANGUAGES) VALUES (30094,4);
INSERT INTO FLIGHT_ATTENDANTS(EMPLOYEE_ID,LANGUAGES) VALUES (30095,5);
INSERT INTO FLIGHT_ATTENDANTS(EMPLOYEE_ID,LANGUAGES) VALUES (30096,2);
INSERT INTO FLIGHT_ATTENDANTS(EMPLOYEE_ID,LANGUAGES) VALUES (30097,5);
INSERT INTO FLIGHT_ATTENDANTS(EMPLOYEE_ID,LANGUAGES) VALUES (30098,2);
INSERT INTO FLIGHT_ATTENDANTS(EMPLOYEE_ID,LANGUAGES) VALUES (30099,4);
INSERT INTO FLIGHT_ATTENDANTS(EMPLOYEE_ID,LANGUAGES) VALUES (30100,2);
INSERT INTO FLIGHT_ATTENDANTS(EMPLOYEE_ID,LANGUAGES) VALUES (30101,2);
INSERT INTO FLIGHT_ATTENDANTS(EMPLOYEE_ID,LANGUAGES) VALUES (30102,2);
INSERT INTO FLIGHT_ATTENDANTS(EMPLOYEE_ID,LANGUAGES) VALUES (30103,2);
INSERT INTO FLIGHT_ATTENDANTS(EMPLOYEE_ID,LANGUAGES) VALUES (30104,5);
INSERT INTO FLIGHT_ATTENDANTS(EMPLOYEE_ID,LANGUAGES) VALUES (30105,3);
INSERT INTO FLIGHT_ATTENDANTS(EMPLOYEE_ID,LANGUAGES) VALUES (30106,5);
INSERT INTO FLIGHT_ATTENDANTS(EMPLOYEE_ID,LANGUAGES) VALUES (30107,5);
INSERT INTO FLIGHT_ATTENDANTS(EMPLOYEE_ID,LANGUAGES) VALUES (30108,3);
INSERT INTO FLIGHT_ATTENDANTS(EMPLOYEE_ID,LANGUAGES) VALUES (30109,2);
INSERT INTO FLIGHT_ATTENDANTS(EMPLOYEE_ID,LANGUAGES) VALUES (30110,4);
INSERT INTO FLIGHT_ATTENDANTS(EMPLOYEE_ID,LANGUAGES) VALUES (30111,4);
INSERT INTO FLIGHT_ATTENDANTS(EMPLOYEE_ID,LANGUAGES) VALUES (30112,2);
INSERT INTO FLIGHT_ATTENDANTS(EMPLOYEE_ID,LANGUAGES) VALUES (30113,4);
INSERT INTO FLIGHT_ATTENDANTS(EMPLOYEE_ID,LANGUAGES) VALUES (30114,3);
INSERT INTO FLIGHT_ATTENDANTS(EMPLOYEE_ID,LANGUAGES) VALUES (30115,4);
INSERT INTO FLIGHT_ATTENDANTS(EMPLOYEE_ID,LANGUAGES) VALUES (30116,2);
INSERT INTO FLIGHT_ATTENDANTS(EMPLOYEE_ID,LANGUAGES) VALUES (30117,3);
INSERT INTO FLIGHT_ATTENDANTS(EMPLOYEE_ID,LANGUAGES) VALUES (30118,5);
INSERT INTO FLIGHT_ATTENDANTS(EMPLOYEE_ID,LANGUAGES) VALUES (30119,2);
INSERT INTO FLIGHT_ATTENDANTS(EMPLOYEE_ID,LANGUAGES) VALUES (30120,4);
INSERT INTO FLIGHT_ATTENDANTS(EMPLOYEE_ID,LANGUAGES) VALUES (30121,3);
INSERT INTO FLIGHT_ATTENDANTS(EMPLOYEE_ID,LANGUAGES) VALUES (30122,2);
INSERT INTO FLIGHT_ATTENDANTS(EMPLOYEE_ID,LANGUAGES) VALUES (30123,5);
INSERT INTO FLIGHT_ATTENDANTS(EMPLOYEE_ID,LANGUAGES) VALUES (30124,3);
INSERT INTO FLIGHT_ATTENDANTS(EMPLOYEE_ID,LANGUAGES) VALUES (30125,3);
INSERT INTO FLIGHT_ATTENDANTS(EMPLOYEE_ID,LANGUAGES) VALUES (30126,5);
INSERT INTO FLIGHT_ATTENDANTS(EMPLOYEE_ID,LANGUAGES) VALUES (30127,4);
INSERT INTO FLIGHT_ATTENDANTS(EMPLOYEE_ID,LANGUAGES) VALUES (30128,5);
INSERT INTO FLIGHT_ATTENDANTS(EMPLOYEE_ID,LANGUAGES) VALUES (30129,3);
INSERT INTO FLIGHT_ATTENDANTS(EMPLOYEE_ID,LANGUAGES) VALUES (30130,4);
INSERT INTO FLIGHT_ATTENDANTS(EMPLOYEE_ID,LANGUAGES) VALUES (30131,5);
INSERT INTO FLIGHT_ATTENDANTS(EMPLOYEE_ID,LANGUAGES) VALUES (30132,3);
INSERT INTO FLIGHT_ATTENDANTS(EMPLOYEE_ID,LANGUAGES) VALUES (30133,2);
INSERT INTO FLIGHT_ATTENDANTS(EMPLOYEE_ID,LANGUAGES) VALUES (30134,3);
INSERT INTO FLIGHT_ATTENDANTS(EMPLOYEE_ID,LANGUAGES) VALUES (30135,2);
INSERT INTO FLIGHT_ATTENDANTS(EMPLOYEE_ID,LANGUAGES) VALUES (30136,4);
INSERT INTO FLIGHT_ATTENDANTS(EMPLOYEE_ID,LANGUAGES) VALUES (30137,3);
INSERT INTO FLIGHT_ATTENDANTS(EMPLOYEE_ID,LANGUAGES) VALUES (30138,3);
INSERT INTO FLIGHT_ATTENDANTS(EMPLOYEE_ID,LANGUAGES) VALUES (30139,3);
INSERT INTO FLIGHT_ATTENDANTS(EMPLOYEE_ID,LANGUAGES) VALUES (30140,4);
INSERT INTO FLIGHT_ATTENDANTS(EMPLOYEE_ID,LANGUAGES) VALUES (30141,4);
INSERT INTO FLIGHT_ATTENDANTS(EMPLOYEE_ID,LANGUAGES) VALUES (30142,3);
INSERT INTO FLIGHT_ATTENDANTS(EMPLOYEE_ID,LANGUAGES) VALUES (30143,5);
INSERT INTO FLIGHT_ATTENDANTS(EMPLOYEE_ID,LANGUAGES) VALUES (30144,3);
INSERT INTO FLIGHT_ATTENDANTS(EMPLOYEE_ID,LANGUAGES) VALUES (30145,2);
INSERT INTO FLIGHT_ATTENDANTS(EMPLOYEE_ID,LANGUAGES) VALUES (30146,3);
INSERT INTO FLIGHT_ATTENDANTS(EMPLOYEE_ID,LANGUAGES) VALUES (30147,3);
INSERT INTO FLIGHT_ATTENDANTS(EMPLOYEE_ID,LANGUAGES) VALUES (30148,2);
INSERT INTO FLIGHT_ATTENDANTS(EMPLOYEE_ID,LANGUAGES) VALUES (30149,2);
INSERT INTO FLIGHT_ATTENDANTS(EMPLOYEE_ID,LANGUAGES) VALUES (30150,2);
INSERT INTO FLIGHT_ATTENDANTS(EMPLOYEE_ID,LANGUAGES) VALUES (30151,3);
INSERT INTO FLIGHT_ATTENDANTS(EMPLOYEE_ID,LANGUAGES) VALUES (30152,2);
INSERT INTO FLIGHT_ATTENDANTS(EMPLOYEE_ID,LANGUAGES) VALUES (30153,2);
INSERT INTO FLIGHT_ATTENDANTS(EMPLOYEE_ID,LANGUAGES) VALUES (30154,2);
INSERT INTO FLIGHT_ATTENDANTS(EMPLOYEE_ID,LANGUAGES) VALUES (30155,3);
INSERT INTO FLIGHT_ATTENDANTS(EMPLOYEE_ID,LANGUAGES) VALUES (30156,2);
INSERT INTO FLIGHT_ATTENDANTS(EMPLOYEE_ID,LANGUAGES) VALUES (30157,2);
INSERT INTO FLIGHT_ATTENDANTS(EMPLOYEE_ID,LANGUAGES) VALUES (30158,3);
INSERT INTO FLIGHT_ATTENDANTS(EMPLOYEE_ID,LANGUAGES) VALUES (30159,5);
INSERT INTO FLIGHT_ATTENDANTS(EMPLOYEE_ID,LANGUAGES) VALUES (30160,2);
INSERT INTO FLIGHT_ATTENDANTS(EMPLOYEE_ID,LANGUAGES) VALUES (30161,2);
INSERT INTO FLIGHT_ATTENDANTS(EMPLOYEE_ID,LANGUAGES) VALUES (30162,5);
INSERT INTO FLIGHT_ATTENDANTS(EMPLOYEE_ID,LANGUAGES) VALUES (30163,5);
INSERT INTO FLIGHT_ATTENDANTS(EMPLOYEE_ID,LANGUAGES) VALUES (30164,5);
INSERT INTO FLIGHT_ATTENDANTS(EMPLOYEE_ID,LANGUAGES) VALUES (30165,4);
INSERT INTO FLIGHT_ATTENDANTS(EMPLOYEE_ID,LANGUAGES) VALUES (30166,3);
INSERT INTO FLIGHT_ATTENDANTS(EMPLOYEE_ID,LANGUAGES) VALUES (30167,4);
INSERT INTO FLIGHT_ATTENDANTS(EMPLOYEE_ID,LANGUAGES) VALUES (30168,4);
INSERT INTO FLIGHT_ATTENDANTS(EMPLOYEE_ID,LANGUAGES) VALUES (30169,5);
INSERT INTO FLIGHT_ATTENDANTS(EMPLOYEE_ID,LANGUAGES) VALUES (30170,3);
INSERT INTO FLIGHT_ATTENDANTS(EMPLOYEE_ID,LANGUAGES) VALUES (30171,3);
INSERT INTO FLIGHT_ATTENDANTS(EMPLOYEE_ID,LANGUAGES) VALUES (30172,4);
INSERT INTO FLIGHT_ATTENDANTS(EMPLOYEE_ID,LANGUAGES) VALUES (30173,2);
INSERT INTO FLIGHT_ATTENDANTS(EMPLOYEE_ID,LANGUAGES) VALUES (30174,4);
INSERT INTO FLIGHT_ATTENDANTS(EMPLOYEE_ID,LANGUAGES) VALUES (30175,2);
INSERT INTO FLIGHT_ATTENDANTS(EMPLOYEE_ID,LANGUAGES) VALUES (30176,5);
INSERT INTO FLIGHT_ATTENDANTS(EMPLOYEE_ID,LANGUAGES) VALUES (30177,2);
INSERT INTO FLIGHT_ATTENDANTS(EMPLOYEE_ID,LANGUAGES) VALUES (30178,3);
INSERT INTO FLIGHT_ATTENDANTS(EMPLOYEE_ID,LANGUAGES) VALUES (30179,5);
INSERT INTO FLIGHT_ATTENDANTS(EMPLOYEE_ID,LANGUAGES) VALUES (30180,5);
INSERT INTO FLIGHT_ATTENDANTS(EMPLOYEE_ID,LANGUAGES) VALUES (30181,3);
INSERT INTO FLIGHT_ATTENDANTS(EMPLOYEE_ID,LANGUAGES) VALUES (30182,5);
INSERT INTO FLIGHT_ATTENDANTS(EMPLOYEE_ID,LANGUAGES) VALUES (30183,5);
INSERT INTO FLIGHT_ATTENDANTS(EMPLOYEE_ID,LANGUAGES) VALUES (30184,4);
INSERT INTO FLIGHT_ATTENDANTS(EMPLOYEE_ID,LANGUAGES) VALUES (30185,3);
INSERT INTO FLIGHT_ATTENDANTS(EMPLOYEE_ID,LANGUAGES) VALUES (30186,3);
INSERT INTO FLIGHT_ATTENDANTS(EMPLOYEE_ID,LANGUAGES) VALUES (30187,4);
INSERT INTO FLIGHT_ATTENDANTS(EMPLOYEE_ID,LANGUAGES) VALUES (30188,2);
INSERT INTO FLIGHT_ATTENDANTS(EMPLOYEE_ID,LANGUAGES) VALUES (30189,4);
INSERT INTO FLIGHT_ATTENDANTS(EMPLOYEE_ID,LANGUAGES) VALUES (30190,3);
INSERT INTO FLIGHT_ATTENDANTS(EMPLOYEE_ID,LANGUAGES) VALUES (30191,2);
INSERT INTO FLIGHT_ATTENDANTS(EMPLOYEE_ID,LANGUAGES) VALUES (30192,2);
INSERT INTO FLIGHT_ATTENDANTS(EMPLOYEE_ID,LANGUAGES) VALUES (30193,4);
INSERT INTO FLIGHT_ATTENDANTS(EMPLOYEE_ID,LANGUAGES) VALUES (30194,3);
INSERT INTO FLIGHT_ATTENDANTS(EMPLOYEE_ID,LANGUAGES) VALUES (30195,4);
INSERT INTO FLIGHT_ATTENDANTS(EMPLOYEE_ID,LANGUAGES) VALUES (30196,2);
INSERT INTO FLIGHT_ATTENDANTS(EMPLOYEE_ID,LANGUAGES) VALUES (30197,2);
INSERT INTO FLIGHT_ATTENDANTS(EMPLOYEE_ID,LANGUAGES) VALUES (30198,4);
INSERT INTO FLIGHT_ATTENDANTS(EMPLOYEE_ID,LANGUAGES) VALUES (30199,5);
INSERT INTO FLIGHT_ATTENDANTS(EMPLOYEE_ID,LANGUAGES) VALUES (30200,5);
INSERT INTO FLIGHT_ATTENDANTS(EMPLOYEE_ID,LANGUAGES) VALUES (30201,4);
INSERT INTO FLIGHT_ATTENDANTS(EMPLOYEE_ID,LANGUAGES) VALUES (30202,3);
INSERT INTO FLIGHT_ATTENDANTS(EMPLOYEE_ID,LANGUAGES) VALUES (30203,3);
INSERT INTO FLIGHT_ATTENDANTS(EMPLOYEE_ID,LANGUAGES) VALUES (30204,4);
INSERT INTO FLIGHT_ATTENDANTS(EMPLOYEE_ID,LANGUAGES) VALUES (30205,3);
INSERT INTO FLIGHT_ATTENDANTS(EMPLOYEE_ID,LANGUAGES) VALUES (30206,3);
INSERT INTO FLIGHT_ATTENDANTS(EMPLOYEE_ID,LANGUAGES) VALUES (30207,2);
INSERT INTO FLIGHT_ATTENDANTS(EMPLOYEE_ID,LANGUAGES) VALUES (30208,4);
INSERT INTO FLIGHT_ATTENDANTS(EMPLOYEE_ID,LANGUAGES) VALUES (30209,5);
INSERT INTO FLIGHT_ATTENDANTS(EMPLOYEE_ID,LANGUAGES) VALUES (30210,2);
INSERT INTO FLIGHT_ATTENDANTS(EMPLOYEE_ID,LANGUAGES) VALUES (30211,2);
INSERT INTO FLIGHT_ATTENDANTS(EMPLOYEE_ID,LANGUAGES) VALUES (30212,3);
INSERT INTO FLIGHT_ATTENDANTS(EMPLOYEE_ID,LANGUAGES) VALUES (30213,2);
INSERT INTO FLIGHT_ATTENDANTS(EMPLOYEE_ID,LANGUAGES) VALUES (30214,4);
INSERT INTO FLIGHT_ATTENDANTS(EMPLOYEE_ID,LANGUAGES) VALUES (30215,5);
INSERT INTO FLIGHT_ATTENDANTS(EMPLOYEE_ID,LANGUAGES) VALUES (30216,2);
INSERT INTO FLIGHT_ATTENDANTS(EMPLOYEE_ID,LANGUAGES) VALUES (30217,5);
INSERT INTO FLIGHT_ATTENDANTS(EMPLOYEE_ID,LANGUAGES) VALUES (30218,3);
INSERT INTO FLIGHT_ATTENDANTS(EMPLOYEE_ID,LANGUAGES) VALUES (30219,3);
INSERT INTO FLIGHT_ATTENDANTS(EMPLOYEE_ID,LANGUAGES) VALUES (30220,5);
INSERT INTO FLIGHT_ATTENDANTS(EMPLOYEE_ID,LANGUAGES) VALUES (30221,5);
INSERT INTO FLIGHT_ATTENDANTS(EMPLOYEE_ID,LANGUAGES) VALUES (30222,4);
INSERT INTO FLIGHT_ATTENDANTS(EMPLOYEE_ID,LANGUAGES) VALUES (30223,5);
INSERT INTO FLIGHT_ATTENDANTS(EMPLOYEE_ID,LANGUAGES) VALUES (30224,5);
INSERT INTO FLIGHT_ATTENDANTS(EMPLOYEE_ID,LANGUAGES) VALUES (30225,2);
INSERT INTO FLIGHT_ATTENDANTS(EMPLOYEE_ID,LANGUAGES) VALUES (30226,4);
INSERT INTO FLIGHT_ATTENDANTS(EMPLOYEE_ID,LANGUAGES) VALUES (30227,2);
INSERT INTO FLIGHT_ATTENDANTS(EMPLOYEE_ID,LANGUAGES) VALUES (30228,5);
INSERT INTO FLIGHT_ATTENDANTS(EMPLOYEE_ID,LANGUAGES) VALUES (30229,5);
INSERT INTO FLIGHT_ATTENDANTS(EMPLOYEE_ID,LANGUAGES) VALUES (30230,4);
INSERT INTO FLIGHT_ATTENDANTS(EMPLOYEE_ID,LANGUAGES) VALUES (30231,2);
INSERT INTO FLIGHT_ATTENDANTS(EMPLOYEE_ID,LANGUAGES) VALUES (30232,4);
INSERT INTO FLIGHT_ATTENDANTS(EMPLOYEE_ID,LANGUAGES) VALUES (30233,5);
INSERT INTO FLIGHT_ATTENDANTS(EMPLOYEE_ID,LANGUAGES) VALUES (30234,2);
INSERT INTO FLIGHT_ATTENDANTS(EMPLOYEE_ID,LANGUAGES) VALUES (30235,4);
INSERT INTO FLIGHT_ATTENDANTS(EMPLOYEE_ID,LANGUAGES) VALUES (30236,2);
INSERT INTO FLIGHT_ATTENDANTS(EMPLOYEE_ID,LANGUAGES) VALUES (30237,5);
INSERT INTO FLIGHT_ATTENDANTS(EMPLOYEE_ID,LANGUAGES) VALUES (30238,5);
INSERT INTO FLIGHT_ATTENDANTS(EMPLOYEE_ID,LANGUAGES) VALUES (30239,3);
INSERT INTO FLIGHT_ATTENDANTS(EMPLOYEE_ID,LANGUAGES) VALUES (30240,4);
INSERT INTO FLIGHT_ATTENDANTS(EMPLOYEE_ID,LANGUAGES) VALUES (30241,5);
INSERT INTO FLIGHT_ATTENDANTS(EMPLOYEE_ID,LANGUAGES) VALUES (30242,2);
INSERT INTO FLIGHT_ATTENDANTS(EMPLOYEE_ID,LANGUAGES) VALUES (30243,3);
INSERT INTO FLIGHT_ATTENDANTS(EMPLOYEE_ID,LANGUAGES) VALUES (30244,3);
INSERT INTO FLIGHT_ATTENDANTS(EMPLOYEE_ID,LANGUAGES) VALUES (30245,3);
INSERT INTO FLIGHT_ATTENDANTS(EMPLOYEE_ID,LANGUAGES) VALUES (30246,5);
INSERT INTO FLIGHT_ATTENDANTS(EMPLOYEE_ID,LANGUAGES) VALUES (30247,3);
INSERT INTO FLIGHT_ATTENDANTS(EMPLOYEE_ID,LANGUAGES) VALUES (30248,3);
INSERT INTO FLIGHT_ATTENDANTS(EMPLOYEE_ID,LANGUAGES) VALUES (30249,5);
INSERT INTO FLIGHT_ATTENDANTS(EMPLOYEE_ID,LANGUAGES) VALUES (30250,4);
INSERT INTO FLIGHT_ATTENDANTS(EMPLOYEE_ID,LANGUAGES) VALUES (30251,5);
INSERT INTO FLIGHT_ATTENDANTS(EMPLOYEE_ID,LANGUAGES) VALUES (30252,4);
INSERT INTO FLIGHT_ATTENDANTS(EMPLOYEE_ID,LANGUAGES) VALUES (30253,4);
INSERT INTO FLIGHT_ATTENDANTS(EMPLOYEE_ID,LANGUAGES) VALUES (30254,5);
INSERT INTO FLIGHT_ATTENDANTS(EMPLOYEE_ID,LANGUAGES) VALUES (30255,4);
INSERT INTO FLIGHT_ATTENDANTS(EMPLOYEE_ID,LANGUAGES) VALUES (30256,4);
INSERT INTO FLIGHT_ATTENDANTS(EMPLOYEE_ID,LANGUAGES) VALUES (30257,3);
INSERT INTO FLIGHT_ATTENDANTS(EMPLOYEE_ID,LANGUAGES) VALUES (30258,4);
INSERT INTO FLIGHT_ATTENDANTS(EMPLOYEE_ID,LANGUAGES) VALUES (30259,3);
INSERT INTO FLIGHT_ATTENDANTS(EMPLOYEE_ID,LANGUAGES) VALUES (30260,3);
INSERT INTO FLIGHT_ATTENDANTS(EMPLOYEE_ID,LANGUAGES) VALUES (30261,4);
INSERT INTO FLIGHT_ATTENDANTS(EMPLOYEE_ID,LANGUAGES) VALUES (30262,4);
INSERT INTO FLIGHT_ATTENDANTS(EMPLOYEE_ID,LANGUAGES) VALUES (30263,2);
INSERT INTO FLIGHT_ATTENDANTS(EMPLOYEE_ID,LANGUAGES) VALUES (30264,4);
INSERT INTO FLIGHT_ATTENDANTS(EMPLOYEE_ID,LANGUAGES) VALUES (30265,5);
INSERT INTO FLIGHT_ATTENDANTS(EMPLOYEE_ID,LANGUAGES) VALUES (30266,4);
INSERT INTO FLIGHT_ATTENDANTS(EMPLOYEE_ID,LANGUAGES) VALUES (30267,5);
INSERT INTO FLIGHT_ATTENDANTS(EMPLOYEE_ID,LANGUAGES) VALUES (30268,4);
INSERT INTO FLIGHT_ATTENDANTS(EMPLOYEE_ID,LANGUAGES) VALUES (30269,3);
INSERT INTO FLIGHT_ATTENDANTS(EMPLOYEE_ID,LANGUAGES) VALUES (30270,3);
INSERT INTO FLIGHT_ATTENDANTS(EMPLOYEE_ID,LANGUAGES) VALUES (30271,4);
INSERT INTO FLIGHT_ATTENDANTS(EMPLOYEE_ID,LANGUAGES) VALUES (30272,4);
INSERT INTO FLIGHT_ATTENDANTS(EMPLOYEE_ID,LANGUAGES) VALUES (30273,4);
INSERT INTO FLIGHT_ATTENDANTS(EMPLOYEE_ID,LANGUAGES) VALUES (30274,2);
INSERT INTO FLIGHT_ATTENDANTS(EMPLOYEE_ID,LANGUAGES) VALUES (30275,3);
INSERT INTO FLIGHT_ATTENDANTS(EMPLOYEE_ID,LANGUAGES) VALUES (30276,4);
INSERT INTO FLIGHT_ATTENDANTS(EMPLOYEE_ID,LANGUAGES) VALUES (30277,3);
INSERT INTO FLIGHT_ATTENDANTS(EMPLOYEE_ID,LANGUAGES) VALUES (30278,3);
INSERT INTO FLIGHT_ATTENDANTS(EMPLOYEE_ID,LANGUAGES) VALUES (30279,2);
INSERT INTO FLIGHT_ATTENDANTS(EMPLOYEE_ID,LANGUAGES) VALUES (30280,4);
INSERT INTO FLIGHT_ATTENDANTS(EMPLOYEE_ID,LANGUAGES) VALUES (30281,5);
INSERT INTO FLIGHT_ATTENDANTS(EMPLOYEE_ID,LANGUAGES) VALUES (30282,4);
INSERT INTO FLIGHT_ATTENDANTS(EMPLOYEE_ID,LANGUAGES) VALUES (30283,5);
INSERT INTO FLIGHT_ATTENDANTS(EMPLOYEE_ID,LANGUAGES) VALUES (30284,2);
INSERT INTO FLIGHT_ATTENDANTS(EMPLOYEE_ID,LANGUAGES) VALUES (30285,2);
INSERT INTO FLIGHT_ATTENDANTS(EMPLOYEE_ID,LANGUAGES) VALUES (30286,2);
INSERT INTO FLIGHT_ATTENDANTS(EMPLOYEE_ID,LANGUAGES) VALUES (30287,2);
INSERT INTO FLIGHT_ATTENDANTS(EMPLOYEE_ID,LANGUAGES) VALUES (30288,5);
INSERT INTO FLIGHT_ATTENDANTS(EMPLOYEE_ID,LANGUAGES) VALUES (30289,4);
INSERT INTO FLIGHT_ATTENDANTS(EMPLOYEE_ID,LANGUAGES) VALUES (30290,4);
INSERT INTO FLIGHT_ATTENDANTS(EMPLOYEE_ID,LANGUAGES) VALUES (30291,3);
INSERT INTO FLIGHT_ATTENDANTS(EMPLOYEE_ID,LANGUAGES) VALUES (30292,3);
INSERT INTO FLIGHT_ATTENDANTS(EMPLOYEE_ID,LANGUAGES) VALUES (30293,3);
INSERT INTO FLIGHT_ATTENDANTS(EMPLOYEE_ID,LANGUAGES) VALUES (30294,2);
INSERT INTO FLIGHT_ATTENDANTS(EMPLOYEE_ID,LANGUAGES) VALUES (30295,4);
INSERT INTO FLIGHT_ATTENDANTS(EMPLOYEE_ID,LANGUAGES) VALUES (30296,2);
INSERT INTO FLIGHT_ATTENDANTS(EMPLOYEE_ID,LANGUAGES) VALUES (30297,3);
INSERT INTO FLIGHT_ATTENDANTS(EMPLOYEE_ID,LANGUAGES) VALUES (30298,3);
INSERT INTO FLIGHT_ATTENDANTS(EMPLOYEE_ID,LANGUAGES) VALUES (30299,3);
INSERT INTO FLIGHT_ATTENDANTS(EMPLOYEE_ID,LANGUAGES) VALUES (30300,4);


INSERT INTO ASSIGMENTS(FLEET_ID,EMPLOYEE_ID) VALUES ('QU-CX01',20058);
INSERT INTO ASSIGMENTS(FLEET_ID,EMPLOYEE_ID) VALUES ('QU-CX01',20100);
INSERT INTO ASSIGMENTS(FLEET_ID,EMPLOYEE_ID) VALUES ('QU-CX01',30208);
INSERT INTO ASSIGMENTS(FLEET_ID,EMPLOYEE_ID) VALUES ('QU-CX01',30247);
INSERT INTO ASSIGMENTS(FLEET_ID,EMPLOYEE_ID) VALUES ('QU-CX01',30246);
INSERT INTO ASSIGMENTS(FLEET_ID,EMPLOYEE_ID) VALUES ('QU-CX01',40006);
INSERT INTO ASSIGMENTS(FLEET_ID,EMPLOYEE_ID) VALUES ('QU-CX01',40081);
INSERT INTO ASSIGMENTS(FLEET_ID,EMPLOYEE_ID) VALUES ('QU-CX02',20008);
INSERT INTO ASSIGMENTS(FLEET_ID,EMPLOYEE_ID) VALUES ('QU-CX02',20046);
INSERT INTO ASSIGMENTS(FLEET_ID,EMPLOYEE_ID) VALUES ('QU-CX02',30101);
INSERT INTO ASSIGMENTS(FLEET_ID,EMPLOYEE_ID) VALUES ('QU-CX02',30287);
INSERT INTO ASSIGMENTS(FLEET_ID,EMPLOYEE_ID) VALUES ('QU-CX02',30032);
INSERT INTO ASSIGMENTS(FLEET_ID,EMPLOYEE_ID) VALUES ('QU-CX02',40116);
INSERT INTO ASSIGMENTS(FLEET_ID,EMPLOYEE_ID) VALUES ('QU-CX02',40085);
INSERT INTO ASSIGMENTS(FLEET_ID,EMPLOYEE_ID) VALUES ('QU-CX03',20029);
INSERT INTO ASSIGMENTS(FLEET_ID,EMPLOYEE_ID) VALUES ('QU-CX03',20101);
INSERT INTO ASSIGMENTS(FLEET_ID,EMPLOYEE_ID) VALUES ('QU-CX03',30056);
INSERT INTO ASSIGMENTS(FLEET_ID,EMPLOYEE_ID) VALUES ('QU-CX03',30001);
INSERT INTO ASSIGMENTS(FLEET_ID,EMPLOYEE_ID) VALUES ('QU-CX03',30151);
INSERT INTO ASSIGMENTS(FLEET_ID,EMPLOYEE_ID) VALUES ('QU-CX03',40080);
INSERT INTO ASSIGMENTS(FLEET_ID,EMPLOYEE_ID) VALUES ('QU-CX03',40021);
INSERT INTO ASSIGMENTS(FLEET_ID,EMPLOYEE_ID) VALUES ('QU-CX04',20073);
INSERT INTO ASSIGMENTS(FLEET_ID,EMPLOYEE_ID) VALUES ('QU-CX04',20031);
INSERT INTO ASSIGMENTS(FLEET_ID,EMPLOYEE_ID) VALUES ('QU-CX04',30125);
INSERT INTO ASSIGMENTS(FLEET_ID,EMPLOYEE_ID) VALUES ('QU-CX04',30293);
INSERT INTO ASSIGMENTS(FLEET_ID,EMPLOYEE_ID) VALUES ('QU-CX04',30077);
INSERT INTO ASSIGMENTS(FLEET_ID,EMPLOYEE_ID) VALUES ('QU-CX04',40104);
INSERT INTO ASSIGMENTS(FLEET_ID,EMPLOYEE_ID) VALUES ('QU-CX04',40115);
INSERT INTO ASSIGMENTS(FLEET_ID,EMPLOYEE_ID) VALUES ('QU-CX05',20083);
INSERT INTO ASSIGMENTS(FLEET_ID,EMPLOYEE_ID) VALUES ('QU-CX05',20094);
INSERT INTO ASSIGMENTS(FLEET_ID,EMPLOYEE_ID) VALUES ('QU-CX05',30173);
INSERT INTO ASSIGMENTS(FLEET_ID,EMPLOYEE_ID) VALUES ('QU-CX05',30131);
INSERT INTO ASSIGMENTS(FLEET_ID,EMPLOYEE_ID) VALUES ('QU-CX05',30160);
INSERT INTO ASSIGMENTS(FLEET_ID,EMPLOYEE_ID) VALUES ('QU-CX05',40115);
INSERT INTO ASSIGMENTS(FLEET_ID,EMPLOYEE_ID) VALUES ('QU-CX05',40108);
INSERT INTO ASSIGMENTS(FLEET_ID,EMPLOYEE_ID) VALUES ('QU-CX06',20095);
INSERT INTO ASSIGMENTS(FLEET_ID,EMPLOYEE_ID) VALUES ('QU-CX06',20080);
INSERT INTO ASSIGMENTS(FLEET_ID,EMPLOYEE_ID) VALUES ('QU-CX06',30292);
INSERT INTO ASSIGMENTS(FLEET_ID,EMPLOYEE_ID) VALUES ('QU-CX06',30056);
INSERT INTO ASSIGMENTS(FLEET_ID,EMPLOYEE_ID) VALUES ('QU-CX06',30072);
INSERT INTO ASSIGMENTS(FLEET_ID,EMPLOYEE_ID) VALUES ('QU-CX06',40003);
INSERT INTO ASSIGMENTS(FLEET_ID,EMPLOYEE_ID) VALUES ('QU-CX06',40040);
INSERT INTO ASSIGMENTS(FLEET_ID,EMPLOYEE_ID) VALUES ('QU-CX07',20135);
INSERT INTO ASSIGMENTS(FLEET_ID,EMPLOYEE_ID) VALUES ('QU-CX07',20089);
INSERT INTO ASSIGMENTS(FLEET_ID,EMPLOYEE_ID) VALUES ('QU-CX07',30118);
INSERT INTO ASSIGMENTS(FLEET_ID,EMPLOYEE_ID) VALUES ('QU-CX07',30214);
INSERT INTO ASSIGMENTS(FLEET_ID,EMPLOYEE_ID) VALUES ('QU-CX07',30132);
INSERT INTO ASSIGMENTS(FLEET_ID,EMPLOYEE_ID) VALUES ('QU-CX07',40090);
INSERT INTO ASSIGMENTS(FLEET_ID,EMPLOYEE_ID) VALUES ('QU-CX07',40081);
INSERT INTO ASSIGMENTS(FLEET_ID,EMPLOYEE_ID) VALUES ('QU-CX08',20040);
INSERT INTO ASSIGMENTS(FLEET_ID,EMPLOYEE_ID) VALUES ('QU-CX08',20101);
INSERT INTO ASSIGMENTS(FLEET_ID,EMPLOYEE_ID) VALUES ('QU-CX08',30147);
INSERT INTO ASSIGMENTS(FLEET_ID,EMPLOYEE_ID) VALUES ('QU-CX08',30138);
INSERT INTO ASSIGMENTS(FLEET_ID,EMPLOYEE_ID) VALUES ('QU-CX08',30067);
INSERT INTO ASSIGMENTS(FLEET_ID,EMPLOYEE_ID) VALUES ('QU-CX08',40063);
INSERT INTO ASSIGMENTS(FLEET_ID,EMPLOYEE_ID) VALUES ('QU-CX08',40012);
INSERT INTO ASSIGMENTS(FLEET_ID,EMPLOYEE_ID) VALUES ('QU-CX09',20135);
INSERT INTO ASSIGMENTS(FLEET_ID,EMPLOYEE_ID) VALUES ('QU-CX09',20061);
INSERT INTO ASSIGMENTS(FLEET_ID,EMPLOYEE_ID) VALUES ('QU-CX09',30117);
INSERT INTO ASSIGMENTS(FLEET_ID,EMPLOYEE_ID) VALUES ('QU-CX09',30094);
INSERT INTO ASSIGMENTS(FLEET_ID,EMPLOYEE_ID) VALUES ('QU-CX09',30265);
INSERT INTO ASSIGMENTS(FLEET_ID,EMPLOYEE_ID) VALUES ('QU-CX09',40055);
INSERT INTO ASSIGMENTS(FLEET_ID,EMPLOYEE_ID) VALUES ('QU-CX09',40065);
INSERT INTO ASSIGMENTS(FLEET_ID,EMPLOYEE_ID) VALUES ('QU-CX10',20055);
INSERT INTO ASSIGMENTS(FLEET_ID,EMPLOYEE_ID) VALUES ('QU-CX10',20113);
INSERT INTO ASSIGMENTS(FLEET_ID,EMPLOYEE_ID) VALUES ('QU-CX10',30116);
INSERT INTO ASSIGMENTS(FLEET_ID,EMPLOYEE_ID) VALUES ('QU-CX10',30093);
INSERT INTO ASSIGMENTS(FLEET_ID,EMPLOYEE_ID) VALUES ('QU-CX10',30030);
INSERT INTO ASSIGMENTS(FLEET_ID,EMPLOYEE_ID) VALUES ('QU-CX10',40095);
INSERT INTO ASSIGMENTS(FLEET_ID,EMPLOYEE_ID) VALUES ('QU-CX10',40020);
INSERT INTO ASSIGMENTS(FLEET_ID,EMPLOYEE_ID) VALUES ('QU-CX11',20150);
INSERT INTO ASSIGMENTS(FLEET_ID,EMPLOYEE_ID) VALUES ('QU-CX11',20072);
INSERT INTO ASSIGMENTS(FLEET_ID,EMPLOYEE_ID) VALUES ('QU-CX11',30214);
INSERT INTO ASSIGMENTS(FLEET_ID,EMPLOYEE_ID) VALUES ('QU-CX11',30244);
INSERT INTO ASSIGMENTS(FLEET_ID,EMPLOYEE_ID) VALUES ('QU-CX11',30238);
INSERT INTO ASSIGMENTS(FLEET_ID,EMPLOYEE_ID) VALUES ('QU-CX11',40071);
INSERT INTO ASSIGMENTS(FLEET_ID,EMPLOYEE_ID) VALUES ('QU-CX11',40038);
INSERT INTO ASSIGMENTS(FLEET_ID,EMPLOYEE_ID) VALUES ('QU-CX12',20083);
INSERT INTO ASSIGMENTS(FLEET_ID,EMPLOYEE_ID) VALUES ('QU-CX12',20117);
INSERT INTO ASSIGMENTS(FLEET_ID,EMPLOYEE_ID) VALUES ('QU-CX12',30037);
INSERT INTO ASSIGMENTS(FLEET_ID,EMPLOYEE_ID) VALUES ('QU-CX12',30123);
INSERT INTO ASSIGMENTS(FLEET_ID,EMPLOYEE_ID) VALUES ('QU-CX12',30046);
INSERT INTO ASSIGMENTS(FLEET_ID,EMPLOYEE_ID) VALUES ('QU-CX12',40064);
INSERT INTO ASSIGMENTS(FLEET_ID,EMPLOYEE_ID) VALUES ('QU-CX12',40042);
INSERT INTO ASSIGMENTS(FLEET_ID,EMPLOYEE_ID) VALUES ('QU-CX13',20076);
INSERT INTO ASSIGMENTS(FLEET_ID,EMPLOYEE_ID) VALUES ('QU-CX13',20135);
INSERT INTO ASSIGMENTS(FLEET_ID,EMPLOYEE_ID) VALUES ('QU-CX13',30132);
INSERT INTO ASSIGMENTS(FLEET_ID,EMPLOYEE_ID) VALUES ('QU-CX13',30096);
INSERT INTO ASSIGMENTS(FLEET_ID,EMPLOYEE_ID) VALUES ('QU-CX13',30033);
INSERT INTO ASSIGMENTS(FLEET_ID,EMPLOYEE_ID) VALUES ('QU-CX13',40015);
INSERT INTO ASSIGMENTS(FLEET_ID,EMPLOYEE_ID) VALUES ('QU-CX13',40039);
INSERT INTO ASSIGMENTS(FLEET_ID,EMPLOYEE_ID) VALUES ('QU-BC01',20055);
INSERT INTO ASSIGMENTS(FLEET_ID,EMPLOYEE_ID) VALUES ('QU-BC01',20095);
INSERT INTO ASSIGMENTS(FLEET_ID,EMPLOYEE_ID) VALUES ('QU-BC01',30235);
INSERT INTO ASSIGMENTS(FLEET_ID,EMPLOYEE_ID) VALUES ('QU-BC01',30080);
INSERT INTO ASSIGMENTS(FLEET_ID,EMPLOYEE_ID) VALUES ('QU-BC01',30068);
INSERT INTO ASSIGMENTS(FLEET_ID,EMPLOYEE_ID) VALUES ('QU-BC01',40094);
INSERT INTO ASSIGMENTS(FLEET_ID,EMPLOYEE_ID) VALUES ('QU-BC01',40078);
INSERT INTO ASSIGMENTS(FLEET_ID,EMPLOYEE_ID) VALUES ('QU-BC02',20097);
INSERT INTO ASSIGMENTS(FLEET_ID,EMPLOYEE_ID) VALUES ('QU-BC02',20069);
INSERT INTO ASSIGMENTS(FLEET_ID,EMPLOYEE_ID) VALUES ('QU-BC02',30090);
INSERT INTO ASSIGMENTS(FLEET_ID,EMPLOYEE_ID) VALUES ('QU-BC02',30243);
INSERT INTO ASSIGMENTS(FLEET_ID,EMPLOYEE_ID) VALUES ('QU-BC02',30163);
INSERT INTO ASSIGMENTS(FLEET_ID,EMPLOYEE_ID) VALUES ('QU-BC02',40028);
INSERT INTO ASSIGMENTS(FLEET_ID,EMPLOYEE_ID) VALUES ('QU-BC02',40113);
INSERT INTO ASSIGMENTS(FLEET_ID,EMPLOYEE_ID) VALUES ('QU-BC03',20068);
INSERT INTO ASSIGMENTS(FLEET_ID,EMPLOYEE_ID) VALUES ('QU-BC03',20051);
INSERT INTO ASSIGMENTS(FLEET_ID,EMPLOYEE_ID) VALUES ('QU-BC03',30097);
INSERT INTO ASSIGMENTS(FLEET_ID,EMPLOYEE_ID) VALUES ('QU-BC03',30061);
INSERT INTO ASSIGMENTS(FLEET_ID,EMPLOYEE_ID) VALUES ('QU-BC03',30024);
INSERT INTO ASSIGMENTS(FLEET_ID,EMPLOYEE_ID) VALUES ('QU-BC03',40041);
INSERT INTO ASSIGMENTS(FLEET_ID,EMPLOYEE_ID) VALUES ('QU-BC03',40029);
INSERT INTO ASSIGMENTS(FLEET_ID,EMPLOYEE_ID) VALUES ('QU-BC04',20127);
INSERT INTO ASSIGMENTS(FLEET_ID,EMPLOYEE_ID) VALUES ('QU-BC04',20090);
INSERT INTO ASSIGMENTS(FLEET_ID,EMPLOYEE_ID) VALUES ('QU-BC04',30178);
INSERT INTO ASSIGMENTS(FLEET_ID,EMPLOYEE_ID) VALUES ('QU-BC04',30101);
INSERT INTO ASSIGMENTS(FLEET_ID,EMPLOYEE_ID) VALUES ('QU-BC04',30156);
INSERT INTO ASSIGMENTS(FLEET_ID,EMPLOYEE_ID) VALUES ('QU-BC04',40047);
INSERT INTO ASSIGMENTS(FLEET_ID,EMPLOYEE_ID) VALUES ('QU-BC04',40059);
INSERT INTO ASSIGMENTS(FLEET_ID,EMPLOYEE_ID) VALUES ('QU-BC05',20040);
INSERT INTO ASSIGMENTS(FLEET_ID,EMPLOYEE_ID) VALUES ('QU-BC05',20080);
INSERT INTO ASSIGMENTS(FLEET_ID,EMPLOYEE_ID) VALUES ('QU-BC05',30274);
INSERT INTO ASSIGMENTS(FLEET_ID,EMPLOYEE_ID) VALUES ('QU-BC05',30240);
INSERT INTO ASSIGMENTS(FLEET_ID,EMPLOYEE_ID) VALUES ('QU-BC05',30047);
INSERT INTO ASSIGMENTS(FLEET_ID,EMPLOYEE_ID) VALUES ('QU-BC05',40021);
INSERT INTO ASSIGMENTS(FLEET_ID,EMPLOYEE_ID) VALUES ('QU-BC05',40119);
INSERT INTO ASSIGMENTS(FLEET_ID,EMPLOYEE_ID) VALUES ('QU-BC06',20038);
INSERT INTO ASSIGMENTS(FLEET_ID,EMPLOYEE_ID) VALUES ('QU-BC06',20144);
INSERT INTO ASSIGMENTS(FLEET_ID,EMPLOYEE_ID) VALUES ('QU-BC06',30216);
INSERT INTO ASSIGMENTS(FLEET_ID,EMPLOYEE_ID) VALUES ('QU-BC06',30206);
INSERT INTO ASSIGMENTS(FLEET_ID,EMPLOYEE_ID) VALUES ('QU-BC06',30293);
INSERT INTO ASSIGMENTS(FLEET_ID,EMPLOYEE_ID) VALUES ('QU-BC06',40115);
INSERT INTO ASSIGMENTS(FLEET_ID,EMPLOYEE_ID) VALUES ('QU-BC06',40064);
INSERT INTO ASSIGMENTS(FLEET_ID,EMPLOYEE_ID) VALUES ('QU-BC07',20037);
INSERT INTO ASSIGMENTS(FLEET_ID,EMPLOYEE_ID) VALUES ('QU-BC07',20069);
INSERT INTO ASSIGMENTS(FLEET_ID,EMPLOYEE_ID) VALUES ('QU-BC07',30186);
INSERT INTO ASSIGMENTS(FLEET_ID,EMPLOYEE_ID) VALUES ('QU-BC07',30020);
INSERT INTO ASSIGMENTS(FLEET_ID,EMPLOYEE_ID) VALUES ('QU-BC07',30080);
INSERT INTO ASSIGMENTS(FLEET_ID,EMPLOYEE_ID) VALUES ('QU-BC07',40028);
INSERT INTO ASSIGMENTS(FLEET_ID,EMPLOYEE_ID) VALUES ('QU-BC07',40045);
INSERT INTO ASSIGMENTS(FLEET_ID,EMPLOYEE_ID) VALUES ('QU-BC08',20100);
INSERT INTO ASSIGMENTS(FLEET_ID,EMPLOYEE_ID) VALUES ('QU-BC08',20128);
INSERT INTO ASSIGMENTS(FLEET_ID,EMPLOYEE_ID) VALUES ('QU-BC08',30072);
INSERT INTO ASSIGMENTS(FLEET_ID,EMPLOYEE_ID) VALUES ('QU-BC08',30136);
INSERT INTO ASSIGMENTS(FLEET_ID,EMPLOYEE_ID) VALUES ('QU-BC08',30075);
INSERT INTO ASSIGMENTS(FLEET_ID,EMPLOYEE_ID) VALUES ('QU-BC08',40035);
INSERT INTO ASSIGMENTS(FLEET_ID,EMPLOYEE_ID) VALUES ('QU-BC08',40019);
INSERT INTO ASSIGMENTS(FLEET_ID,EMPLOYEE_ID) VALUES ('QU-BC09',20126);
INSERT INTO ASSIGMENTS(FLEET_ID,EMPLOYEE_ID) VALUES ('QU-BC09',20058);
INSERT INTO ASSIGMENTS(FLEET_ID,EMPLOYEE_ID) VALUES ('QU-BC09',30207);
INSERT INTO ASSIGMENTS(FLEET_ID,EMPLOYEE_ID) VALUES ('QU-BC09',30177);
INSERT INTO ASSIGMENTS(FLEET_ID,EMPLOYEE_ID) VALUES ('QU-BC09',30233);
INSERT INTO ASSIGMENTS(FLEET_ID,EMPLOYEE_ID) VALUES ('QU-BC09',40009);
INSERT INTO ASSIGMENTS(FLEET_ID,EMPLOYEE_ID) VALUES ('QU-BC09',40109);
INSERT INTO ASSIGMENTS(FLEET_ID,EMPLOYEE_ID) VALUES ('QU-BC10',20015);
INSERT INTO ASSIGMENTS(FLEET_ID,EMPLOYEE_ID) VALUES ('QU-BC10',20140);
INSERT INTO ASSIGMENTS(FLEET_ID,EMPLOYEE_ID) VALUES ('QU-BC10',30167);
INSERT INTO ASSIGMENTS(FLEET_ID,EMPLOYEE_ID) VALUES ('QU-BC10',30260);
INSERT INTO ASSIGMENTS(FLEET_ID,EMPLOYEE_ID) VALUES ('QU-BC10',30065);
INSERT INTO ASSIGMENTS(FLEET_ID,EMPLOYEE_ID) VALUES ('QU-BC10',40045);
INSERT INTO ASSIGMENTS(FLEET_ID,EMPLOYEE_ID) VALUES ('QU-BC10',40005);
INSERT INTO ASSIGMENTS(FLEET_ID,EMPLOYEE_ID) VALUES ('QU-A101',20115);
INSERT INTO ASSIGMENTS(FLEET_ID,EMPLOYEE_ID) VALUES ('QU-A101',20145);
INSERT INTO ASSIGMENTS(FLEET_ID,EMPLOYEE_ID) VALUES ('QU-A101',20093);
INSERT INTO ASSIGMENTS(FLEET_ID,EMPLOYEE_ID) VALUES ('QU-A101',30114);
INSERT INTO ASSIGMENTS(FLEET_ID,EMPLOYEE_ID) VALUES ('QU-A101',30013);
INSERT INTO ASSIGMENTS(FLEET_ID,EMPLOYEE_ID) VALUES ('QU-A101',30153);
INSERT INTO ASSIGMENTS(FLEET_ID,EMPLOYEE_ID) VALUES ('QU-A101',30049);
INSERT INTO ASSIGMENTS(FLEET_ID,EMPLOYEE_ID) VALUES ('QU-A101',40057);
INSERT INTO ASSIGMENTS(FLEET_ID,EMPLOYEE_ID) VALUES ('QU-A101',40064);
INSERT INTO ASSIGMENTS(FLEET_ID,EMPLOYEE_ID) VALUES ('QU-A101',40044);
INSERT INTO ASSIGMENTS(FLEET_ID,EMPLOYEE_ID) VALUES ('QU-A102',20121);
INSERT INTO ASSIGMENTS(FLEET_ID,EMPLOYEE_ID) VALUES ('QU-A102',20069);
INSERT INTO ASSIGMENTS(FLEET_ID,EMPLOYEE_ID) VALUES ('QU-A102',20122);
INSERT INTO ASSIGMENTS(FLEET_ID,EMPLOYEE_ID) VALUES ('QU-A102',30230);
INSERT INTO ASSIGMENTS(FLEET_ID,EMPLOYEE_ID) VALUES ('QU-A102',30279);
INSERT INTO ASSIGMENTS(FLEET_ID,EMPLOYEE_ID) VALUES ('QU-A102',30038);
INSERT INTO ASSIGMENTS(FLEET_ID,EMPLOYEE_ID) VALUES ('QU-A102',30224);
INSERT INTO ASSIGMENTS(FLEET_ID,EMPLOYEE_ID) VALUES ('QU-A102',40084);
INSERT INTO ASSIGMENTS(FLEET_ID,EMPLOYEE_ID) VALUES ('QU-A102',40094);
INSERT INTO ASSIGMENTS(FLEET_ID,EMPLOYEE_ID) VALUES ('QU-A102',40001);
INSERT INTO ASSIGMENTS(FLEET_ID,EMPLOYEE_ID) VALUES ('QU-A103',20083);
INSERT INTO ASSIGMENTS(FLEET_ID,EMPLOYEE_ID) VALUES ('QU-A103',20050);
INSERT INTO ASSIGMENTS(FLEET_ID,EMPLOYEE_ID) VALUES ('QU-A103',20026);
INSERT INTO ASSIGMENTS(FLEET_ID,EMPLOYEE_ID) VALUES ('QU-A103',30241);
INSERT INTO ASSIGMENTS(FLEET_ID,EMPLOYEE_ID) VALUES ('QU-A103',30172);
INSERT INTO ASSIGMENTS(FLEET_ID,EMPLOYEE_ID) VALUES ('QU-A103',30022);
INSERT INTO ASSIGMENTS(FLEET_ID,EMPLOYEE_ID) VALUES ('QU-A103',30050);
INSERT INTO ASSIGMENTS(FLEET_ID,EMPLOYEE_ID) VALUES ('QU-A103',40107);
INSERT INTO ASSIGMENTS(FLEET_ID,EMPLOYEE_ID) VALUES ('QU-A103',40111);
INSERT INTO ASSIGMENTS(FLEET_ID,EMPLOYEE_ID) VALUES ('QU-A103',40002);
INSERT INTO ASSIGMENTS(FLEET_ID,EMPLOYEE_ID) VALUES ('QU-A104',20092);
INSERT INTO ASSIGMENTS(FLEET_ID,EMPLOYEE_ID) VALUES ('QU-A104',20087);
INSERT INTO ASSIGMENTS(FLEET_ID,EMPLOYEE_ID) VALUES ('QU-A104',20051);
INSERT INTO ASSIGMENTS(FLEET_ID,EMPLOYEE_ID) VALUES ('QU-A104',30212);
INSERT INTO ASSIGMENTS(FLEET_ID,EMPLOYEE_ID) VALUES ('QU-A104',30258);
INSERT INTO ASSIGMENTS(FLEET_ID,EMPLOYEE_ID) VALUES ('QU-A104',30175);
INSERT INTO ASSIGMENTS(FLEET_ID,EMPLOYEE_ID) VALUES ('QU-A104',30038);
INSERT INTO ASSIGMENTS(FLEET_ID,EMPLOYEE_ID) VALUES ('QU-A104',40088);
INSERT INTO ASSIGMENTS(FLEET_ID,EMPLOYEE_ID) VALUES ('QU-A104',40088);
INSERT INTO ASSIGMENTS(FLEET_ID,EMPLOYEE_ID) VALUES ('QU-A104',40018);
INSERT INTO ASSIGMENTS(FLEET_ID,EMPLOYEE_ID) VALUES ('QU-A105',20149);
INSERT INTO ASSIGMENTS(FLEET_ID,EMPLOYEE_ID) VALUES ('QU-A105',20002);
INSERT INTO ASSIGMENTS(FLEET_ID,EMPLOYEE_ID) VALUES ('QU-A105',20067);
INSERT INTO ASSIGMENTS(FLEET_ID,EMPLOYEE_ID) VALUES ('QU-A105',30254);
INSERT INTO ASSIGMENTS(FLEET_ID,EMPLOYEE_ID) VALUES ('QU-A105',30265);
INSERT INTO ASSIGMENTS(FLEET_ID,EMPLOYEE_ID) VALUES ('QU-A105',30175);
INSERT INTO ASSIGMENTS(FLEET_ID,EMPLOYEE_ID) VALUES ('QU-A105',30125);
INSERT INTO ASSIGMENTS(FLEET_ID,EMPLOYEE_ID) VALUES ('QU-A105',40059);
INSERT INTO ASSIGMENTS(FLEET_ID,EMPLOYEE_ID) VALUES ('QU-A105',40079);
INSERT INTO ASSIGMENTS(FLEET_ID,EMPLOYEE_ID) VALUES ('QU-A105',40036);
INSERT INTO ASSIGMENTS(FLEET_ID,EMPLOYEE_ID) VALUES ('QU-A106',20054);
INSERT INTO ASSIGMENTS(FLEET_ID,EMPLOYEE_ID) VALUES ('QU-A106',20079);
INSERT INTO ASSIGMENTS(FLEET_ID,EMPLOYEE_ID) VALUES ('QU-A106',20105);
INSERT INTO ASSIGMENTS(FLEET_ID,EMPLOYEE_ID) VALUES ('QU-A106',30211);
INSERT INTO ASSIGMENTS(FLEET_ID,EMPLOYEE_ID) VALUES ('QU-A106',30056);
INSERT INTO ASSIGMENTS(FLEET_ID,EMPLOYEE_ID) VALUES ('QU-A106',30105);
INSERT INTO ASSIGMENTS(FLEET_ID,EMPLOYEE_ID) VALUES ('QU-A106',30289);
INSERT INTO ASSIGMENTS(FLEET_ID,EMPLOYEE_ID) VALUES ('QU-A106',40067);
INSERT INTO ASSIGMENTS(FLEET_ID,EMPLOYEE_ID) VALUES ('QU-A106',40059);
INSERT INTO ASSIGMENTS(FLEET_ID,EMPLOYEE_ID) VALUES ('QU-A106',40041);
INSERT INTO ASSIGMENTS(FLEET_ID,EMPLOYEE_ID) VALUES ('QU-A301',20080);
INSERT INTO ASSIGMENTS(FLEET_ID,EMPLOYEE_ID) VALUES ('QU-A301',20128);
INSERT INTO ASSIGMENTS(FLEET_ID,EMPLOYEE_ID) VALUES ('QU-A301',20067);
INSERT INTO ASSIGMENTS(FLEET_ID,EMPLOYEE_ID) VALUES ('QU-A301',30009);
INSERT INTO ASSIGMENTS(FLEET_ID,EMPLOYEE_ID) VALUES ('QU-A301',30234);
INSERT INTO ASSIGMENTS(FLEET_ID,EMPLOYEE_ID) VALUES ('QU-A301',30280);
INSERT INTO ASSIGMENTS(FLEET_ID,EMPLOYEE_ID) VALUES ('QU-A301',30263);
INSERT INTO ASSIGMENTS(FLEET_ID,EMPLOYEE_ID) VALUES ('QU-A301',40037);
INSERT INTO ASSIGMENTS(FLEET_ID,EMPLOYEE_ID) VALUES ('QU-A301',40066);
INSERT INTO ASSIGMENTS(FLEET_ID,EMPLOYEE_ID) VALUES ('QU-A301',40002);
INSERT INTO ASSIGMENTS(FLEET_ID,EMPLOYEE_ID) VALUES ('QU-A302',20054);
INSERT INTO ASSIGMENTS(FLEET_ID,EMPLOYEE_ID) VALUES ('QU-A302',20019);
INSERT INTO ASSIGMENTS(FLEET_ID,EMPLOYEE_ID) VALUES ('QU-A302',20028);
INSERT INTO ASSIGMENTS(FLEET_ID,EMPLOYEE_ID) VALUES ('QU-A302',30024);
INSERT INTO ASSIGMENTS(FLEET_ID,EMPLOYEE_ID) VALUES ('QU-A302',30012);
INSERT INTO ASSIGMENTS(FLEET_ID,EMPLOYEE_ID) VALUES ('QU-A302',30297);
INSERT INTO ASSIGMENTS(FLEET_ID,EMPLOYEE_ID) VALUES ('QU-A302',30215);
INSERT INTO ASSIGMENTS(FLEET_ID,EMPLOYEE_ID) VALUES ('QU-A302',40109);
INSERT INTO ASSIGMENTS(FLEET_ID,EMPLOYEE_ID) VALUES ('QU-A302',40049);
INSERT INTO ASSIGMENTS(FLEET_ID,EMPLOYEE_ID) VALUES ('QU-A302',40026);
INSERT INTO ASSIGMENTS(FLEET_ID,EMPLOYEE_ID) VALUES ('QU-A303',20004);
INSERT INTO ASSIGMENTS(FLEET_ID,EMPLOYEE_ID) VALUES ('QU-A303',20125);
INSERT INTO ASSIGMENTS(FLEET_ID,EMPLOYEE_ID) VALUES ('QU-A303',20062);
INSERT INTO ASSIGMENTS(FLEET_ID,EMPLOYEE_ID) VALUES ('QU-A303',30076);
INSERT INTO ASSIGMENTS(FLEET_ID,EMPLOYEE_ID) VALUES ('QU-A303',30101);
INSERT INTO ASSIGMENTS(FLEET_ID,EMPLOYEE_ID) VALUES ('QU-A303',30276);
INSERT INTO ASSIGMENTS(FLEET_ID,EMPLOYEE_ID) VALUES ('QU-A303',30261);
INSERT INTO ASSIGMENTS(FLEET_ID,EMPLOYEE_ID) VALUES ('QU-A303',40119);
INSERT INTO ASSIGMENTS(FLEET_ID,EMPLOYEE_ID) VALUES ('QU-A303',40117);
INSERT INTO ASSIGMENTS(FLEET_ID,EMPLOYEE_ID) VALUES ('QU-A303',40066);
INSERT INTO ASSIGMENTS(FLEET_ID,EMPLOYEE_ID) VALUES ('QU-A304',20026);
INSERT INTO ASSIGMENTS(FLEET_ID,EMPLOYEE_ID) VALUES ('QU-A304',20126);
INSERT INTO ASSIGMENTS(FLEET_ID,EMPLOYEE_ID) VALUES ('QU-A304',20077);
INSERT INTO ASSIGMENTS(FLEET_ID,EMPLOYEE_ID) VALUES ('QU-A304',30272);
INSERT INTO ASSIGMENTS(FLEET_ID,EMPLOYEE_ID) VALUES ('QU-A304',30021);
INSERT INTO ASSIGMENTS(FLEET_ID,EMPLOYEE_ID) VALUES ('QU-A304',30133);
INSERT INTO ASSIGMENTS(FLEET_ID,EMPLOYEE_ID) VALUES ('QU-A304',30061);
INSERT INTO ASSIGMENTS(FLEET_ID,EMPLOYEE_ID) VALUES ('QU-A304',40044);
INSERT INTO ASSIGMENTS(FLEET_ID,EMPLOYEE_ID) VALUES ('QU-A304',40002);
INSERT INTO ASSIGMENTS(FLEET_ID,EMPLOYEE_ID) VALUES ('QU-A304',40012);
INSERT INTO ASSIGMENTS(FLEET_ID,EMPLOYEE_ID) VALUES ('QU-AN01',20150);
INSERT INTO ASSIGMENTS(FLEET_ID,EMPLOYEE_ID) VALUES ('QU-AN01',20077);
INSERT INTO ASSIGMENTS(FLEET_ID,EMPLOYEE_ID) VALUES ('QU-AN01',20048);
INSERT INTO ASSIGMENTS(FLEET_ID,EMPLOYEE_ID) VALUES ('QU-AN01',30022);
INSERT INTO ASSIGMENTS(FLEET_ID,EMPLOYEE_ID) VALUES ('QU-AN01',30148);
INSERT INTO ASSIGMENTS(FLEET_ID,EMPLOYEE_ID) VALUES ('QU-AN01',30178);
INSERT INTO ASSIGMENTS(FLEET_ID,EMPLOYEE_ID) VALUES ('QU-AN01',30133);
INSERT INTO ASSIGMENTS(FLEET_ID,EMPLOYEE_ID) VALUES ('QU-AN01',40065);
INSERT INTO ASSIGMENTS(FLEET_ID,EMPLOYEE_ID) VALUES ('QU-AN01',40032);
INSERT INTO ASSIGMENTS(FLEET_ID,EMPLOYEE_ID) VALUES ('QU-AN01',40077);
INSERT INTO ASSIGMENTS(FLEET_ID,EMPLOYEE_ID) VALUES ('QU-AN02',20082);
INSERT INTO ASSIGMENTS(FLEET_ID,EMPLOYEE_ID) VALUES ('QU-AN02',20123);
INSERT INTO ASSIGMENTS(FLEET_ID,EMPLOYEE_ID) VALUES ('QU-AN02',20102);
INSERT INTO ASSIGMENTS(FLEET_ID,EMPLOYEE_ID) VALUES ('QU-AN02',30207);
INSERT INTO ASSIGMENTS(FLEET_ID,EMPLOYEE_ID) VALUES ('QU-AN02',30088);
INSERT INTO ASSIGMENTS(FLEET_ID,EMPLOYEE_ID) VALUES ('QU-AN02',30094);
INSERT INTO ASSIGMENTS(FLEET_ID,EMPLOYEE_ID) VALUES ('QU-AN02',30157);
INSERT INTO ASSIGMENTS(FLEET_ID,EMPLOYEE_ID) VALUES ('QU-AN02',40034);
INSERT INTO ASSIGMENTS(FLEET_ID,EMPLOYEE_ID) VALUES ('QU-AN02',40047);
INSERT INTO ASSIGMENTS(FLEET_ID,EMPLOYEE_ID) VALUES ('QU-AN02',40091);
INSERT INTO ASSIGMENTS(FLEET_ID,EMPLOYEE_ID) VALUES ('QU-AN03',20061);
INSERT INTO ASSIGMENTS(FLEET_ID,EMPLOYEE_ID) VALUES ('QU-AN03',20028);
INSERT INTO ASSIGMENTS(FLEET_ID,EMPLOYEE_ID) VALUES ('QU-AN03',20125);
INSERT INTO ASSIGMENTS(FLEET_ID,EMPLOYEE_ID) VALUES ('QU-AN03',30042);
INSERT INTO ASSIGMENTS(FLEET_ID,EMPLOYEE_ID) VALUES ('QU-AN03',30005);
INSERT INTO ASSIGMENTS(FLEET_ID,EMPLOYEE_ID) VALUES ('QU-AN03',30161);
INSERT INTO ASSIGMENTS(FLEET_ID,EMPLOYEE_ID) VALUES ('QU-AN03',30235);
INSERT INTO ASSIGMENTS(FLEET_ID,EMPLOYEE_ID) VALUES ('QU-AN03',40016);
INSERT INTO ASSIGMENTS(FLEET_ID,EMPLOYEE_ID) VALUES ('QU-AN03',40109);
INSERT INTO ASSIGMENTS(FLEET_ID,EMPLOYEE_ID) VALUES ('QU-AN03',40094);
INSERT INTO ASSIGMENTS(FLEET_ID,EMPLOYEE_ID) VALUES ('QU-AN04',20041);
INSERT INTO ASSIGMENTS(FLEET_ID,EMPLOYEE_ID) VALUES ('QU-AN04',20045);
INSERT INTO ASSIGMENTS(FLEET_ID,EMPLOYEE_ID) VALUES ('QU-AN04',20082);
INSERT INTO ASSIGMENTS(FLEET_ID,EMPLOYEE_ID) VALUES ('QU-AN04',30244);
INSERT INTO ASSIGMENTS(FLEET_ID,EMPLOYEE_ID) VALUES ('QU-AN04',30048);
INSERT INTO ASSIGMENTS(FLEET_ID,EMPLOYEE_ID) VALUES ('QU-AN04',30266);
INSERT INTO ASSIGMENTS(FLEET_ID,EMPLOYEE_ID) VALUES ('QU-AN04',30122);
INSERT INTO ASSIGMENTS(FLEET_ID,EMPLOYEE_ID) VALUES ('QU-AN04',40113);
INSERT INTO ASSIGMENTS(FLEET_ID,EMPLOYEE_ID) VALUES ('QU-AN04',40108);
INSERT INTO ASSIGMENTS(FLEET_ID,EMPLOYEE_ID) VALUES ('QU-AN04',40010);
INSERT INTO ASSIGMENTS(FLEET_ID,EMPLOYEE_ID) VALUES ('QU-AN05',20023);
INSERT INTO ASSIGMENTS(FLEET_ID,EMPLOYEE_ID) VALUES ('QU-AN05',20063);
INSERT INTO ASSIGMENTS(FLEET_ID,EMPLOYEE_ID) VALUES ('QU-AN05',20070);
INSERT INTO ASSIGMENTS(FLEET_ID,EMPLOYEE_ID) VALUES ('QU-AN05',30255);
INSERT INTO ASSIGMENTS(FLEET_ID,EMPLOYEE_ID) VALUES ('QU-AN05',30060);
INSERT INTO ASSIGMENTS(FLEET_ID,EMPLOYEE_ID) VALUES ('QU-AN05',30043);
INSERT INTO ASSIGMENTS(FLEET_ID,EMPLOYEE_ID) VALUES ('QU-AN05',30240);
INSERT INTO ASSIGMENTS(FLEET_ID,EMPLOYEE_ID) VALUES ('QU-AN05',40050);
INSERT INTO ASSIGMENTS(FLEET_ID,EMPLOYEE_ID) VALUES ('QU-AN05',40037);
INSERT INTO ASSIGMENTS(FLEET_ID,EMPLOYEE_ID) VALUES ('QU-AN05',40016);
INSERT INTO ASSIGMENTS(FLEET_ID,EMPLOYEE_ID) VALUES ('QU-AN06',20017);
INSERT INTO ASSIGMENTS(FLEET_ID,EMPLOYEE_ID) VALUES ('QU-AN06',20123);
INSERT INTO ASSIGMENTS(FLEET_ID,EMPLOYEE_ID) VALUES ('QU-AN06',20112);
INSERT INTO ASSIGMENTS(FLEET_ID,EMPLOYEE_ID) VALUES ('QU-AN06',30116);
INSERT INTO ASSIGMENTS(FLEET_ID,EMPLOYEE_ID) VALUES ('QU-AN06',30025);
INSERT INTO ASSIGMENTS(FLEET_ID,EMPLOYEE_ID) VALUES ('QU-AN06',30106);
INSERT INTO ASSIGMENTS(FLEET_ID,EMPLOYEE_ID) VALUES ('QU-AN06',30012);
INSERT INTO ASSIGMENTS(FLEET_ID,EMPLOYEE_ID) VALUES ('QU-AN06',40068);
INSERT INTO ASSIGMENTS(FLEET_ID,EMPLOYEE_ID) VALUES ('QU-AN06',40074);
INSERT INTO ASSIGMENTS(FLEET_ID,EMPLOYEE_ID) VALUES ('QU-AN06',40101);
INSERT INTO ASSIGMENTS(FLEET_ID,EMPLOYEE_ID) VALUES ('QU-AN07',20037);
INSERT INTO ASSIGMENTS(FLEET_ID,EMPLOYEE_ID) VALUES ('QU-AN07',20092);
INSERT INTO ASSIGMENTS(FLEET_ID,EMPLOYEE_ID) VALUES ('QU-AN07',20051);
INSERT INTO ASSIGMENTS(FLEET_ID,EMPLOYEE_ID) VALUES ('QU-AN07',30125);
INSERT INTO ASSIGMENTS(FLEET_ID,EMPLOYEE_ID) VALUES ('QU-AN07',30187);
INSERT INTO ASSIGMENTS(FLEET_ID,EMPLOYEE_ID) VALUES ('QU-AN07',30299);
INSERT INTO ASSIGMENTS(FLEET_ID,EMPLOYEE_ID) VALUES ('QU-AN07',30144);
INSERT INTO ASSIGMENTS(FLEET_ID,EMPLOYEE_ID) VALUES ('QU-AN07',40017);
INSERT INTO ASSIGMENTS(FLEET_ID,EMPLOYEE_ID) VALUES ('QU-AN07',40061);
INSERT INTO ASSIGMENTS(FLEET_ID,EMPLOYEE_ID) VALUES ('QU-AN07',40022);
INSERT INTO ASSIGMENTS(FLEET_ID,EMPLOYEE_ID) VALUES ('QU-AN08',20137);
INSERT INTO ASSIGMENTS(FLEET_ID,EMPLOYEE_ID) VALUES ('QU-AN08',20082);
INSERT INTO ASSIGMENTS(FLEET_ID,EMPLOYEE_ID) VALUES ('QU-AN08',20129);
INSERT INTO ASSIGMENTS(FLEET_ID,EMPLOYEE_ID) VALUES ('QU-AN08',30082);
INSERT INTO ASSIGMENTS(FLEET_ID,EMPLOYEE_ID) VALUES ('QU-AN08',30292);
INSERT INTO ASSIGMENTS(FLEET_ID,EMPLOYEE_ID) VALUES ('QU-AN08',30112);
INSERT INTO ASSIGMENTS(FLEET_ID,EMPLOYEE_ID) VALUES ('QU-AN08',30175);
INSERT INTO ASSIGMENTS(FLEET_ID,EMPLOYEE_ID) VALUES ('QU-AN08',40023);
INSERT INTO ASSIGMENTS(FLEET_ID,EMPLOYEE_ID) VALUES ('QU-AN08',40014);
INSERT INTO ASSIGMENTS(FLEET_ID,EMPLOYEE_ID) VALUES ('QU-AN08',40101);
INSERT INTO ASSIGMENTS(FLEET_ID,EMPLOYEE_ID) VALUES ('QU-AN09',20061);
INSERT INTO ASSIGMENTS(FLEET_ID,EMPLOYEE_ID) VALUES ('QU-AN09',20051);
INSERT INTO ASSIGMENTS(FLEET_ID,EMPLOYEE_ID) VALUES ('QU-AN09',20065);
INSERT INTO ASSIGMENTS(FLEET_ID,EMPLOYEE_ID) VALUES ('QU-AN09',30275);
INSERT INTO ASSIGMENTS(FLEET_ID,EMPLOYEE_ID) VALUES ('QU-AN09',30187);
INSERT INTO ASSIGMENTS(FLEET_ID,EMPLOYEE_ID) VALUES ('QU-AN09',30157);
INSERT INTO ASSIGMENTS(FLEET_ID,EMPLOYEE_ID) VALUES ('QU-AN09',30185);
INSERT INTO ASSIGMENTS(FLEET_ID,EMPLOYEE_ID) VALUES ('QU-AN09',40092);
INSERT INTO ASSIGMENTS(FLEET_ID,EMPLOYEE_ID) VALUES ('QU-AN09',40037);
INSERT INTO ASSIGMENTS(FLEET_ID,EMPLOYEE_ID) VALUES ('QU-AN09',40013);
INSERT INTO ASSIGMENTS(FLEET_ID,EMPLOYEE_ID) VALUES ('QU-AN10',20007);
INSERT INTO ASSIGMENTS(FLEET_ID,EMPLOYEE_ID) VALUES ('QU-AN10',20138);
INSERT INTO ASSIGMENTS(FLEET_ID,EMPLOYEE_ID) VALUES ('QU-AN10',20110);
INSERT INTO ASSIGMENTS(FLEET_ID,EMPLOYEE_ID) VALUES ('QU-AN10',30017);
INSERT INTO ASSIGMENTS(FLEET_ID,EMPLOYEE_ID) VALUES ('QU-AN10',30150);
INSERT INTO ASSIGMENTS(FLEET_ID,EMPLOYEE_ID) VALUES ('QU-AN10',30256);
INSERT INTO ASSIGMENTS(FLEET_ID,EMPLOYEE_ID) VALUES ('QU-AN10',30023);
INSERT INTO ASSIGMENTS(FLEET_ID,EMPLOYEE_ID) VALUES ('QU-AN10',40009);
INSERT INTO ASSIGMENTS(FLEET_ID,EMPLOYEE_ID) VALUES ('QU-AN10',40003);
INSERT INTO ASSIGMENTS(FLEET_ID,EMPLOYEE_ID) VALUES ('QU-AN10',40012);
INSERT INTO ASSIGMENTS(FLEET_ID,EMPLOYEE_ID) VALUES ('QU-A801',20139);
INSERT INTO ASSIGMENTS(FLEET_ID,EMPLOYEE_ID) VALUES ('QU-A801',20030);
INSERT INTO ASSIGMENTS(FLEET_ID,EMPLOYEE_ID) VALUES ('QU-A801',20098);
INSERT INTO ASSIGMENTS(FLEET_ID,EMPLOYEE_ID) VALUES ('QU-A801',20055);
INSERT INTO ASSIGMENTS(FLEET_ID,EMPLOYEE_ID) VALUES ('QU-A801',30009);
INSERT INTO ASSIGMENTS(FLEET_ID,EMPLOYEE_ID) VALUES ('QU-A801',30072);
INSERT INTO ASSIGMENTS(FLEET_ID,EMPLOYEE_ID) VALUES ('QU-A801',30021);
INSERT INTO ASSIGMENTS(FLEET_ID,EMPLOYEE_ID) VALUES ('QU-A801',30095);
INSERT INTO ASSIGMENTS(FLEET_ID,EMPLOYEE_ID) VALUES ('QU-A801',30154);
INSERT INTO ASSIGMENTS(FLEET_ID,EMPLOYEE_ID) VALUES ('QU-A801',30056);
INSERT INTO ASSIGMENTS(FLEET_ID,EMPLOYEE_ID) VALUES ('QU-A801',30298);
INSERT INTO ASSIGMENTS(FLEET_ID,EMPLOYEE_ID) VALUES ('QU-A801',30119);
INSERT INTO ASSIGMENTS(FLEET_ID,EMPLOYEE_ID) VALUES ('QU-A801',40106);
INSERT INTO ASSIGMENTS(FLEET_ID,EMPLOYEE_ID) VALUES ('QU-A801',40094);
INSERT INTO ASSIGMENTS(FLEET_ID,EMPLOYEE_ID) VALUES ('QU-A801',40008);
INSERT INTO ASSIGMENTS(FLEET_ID,EMPLOYEE_ID) VALUES ('QU-A802',20039);
INSERT INTO ASSIGMENTS(FLEET_ID,EMPLOYEE_ID) VALUES ('QU-A802',20078);
INSERT INTO ASSIGMENTS(FLEET_ID,EMPLOYEE_ID) VALUES ('QU-A802',20100);
INSERT INTO ASSIGMENTS(FLEET_ID,EMPLOYEE_ID) VALUES ('QU-A802',20053);
INSERT INTO ASSIGMENTS(FLEET_ID,EMPLOYEE_ID) VALUES ('QU-A802',30076);
INSERT INTO ASSIGMENTS(FLEET_ID,EMPLOYEE_ID) VALUES ('QU-A802',30195);
INSERT INTO ASSIGMENTS(FLEET_ID,EMPLOYEE_ID) VALUES ('QU-A802',30116);
INSERT INTO ASSIGMENTS(FLEET_ID,EMPLOYEE_ID) VALUES ('QU-A802',30077);
INSERT INTO ASSIGMENTS(FLEET_ID,EMPLOYEE_ID) VALUES ('QU-A802',30261);
INSERT INTO ASSIGMENTS(FLEET_ID,EMPLOYEE_ID) VALUES ('QU-A802',30289);
INSERT INTO ASSIGMENTS(FLEET_ID,EMPLOYEE_ID) VALUES ('QU-A802',30023);
INSERT INTO ASSIGMENTS(FLEET_ID,EMPLOYEE_ID) VALUES ('QU-A802',30188);
INSERT INTO ASSIGMENTS(FLEET_ID,EMPLOYEE_ID) VALUES ('QU-A802',40119);
INSERT INTO ASSIGMENTS(FLEET_ID,EMPLOYEE_ID) VALUES ('QU-A802',40040);
INSERT INTO ASSIGMENTS(FLEET_ID,EMPLOYEE_ID) VALUES ('QU-A802',40068);

INSERT INTO BOOKINGS(BOOKING_ID,FLIGHT_ID,NAME) VALUES (60001,50062,'Torie Reilly');
INSERT INTO BOOKINGS(BOOKING_ID,FLIGHT_ID,NAME) VALUES (60002,50060,'Paz Fluker');
INSERT INTO BOOKINGS(BOOKING_ID,FLIGHT_ID,NAME) VALUES (60003,50056,'Janell Greeno');
INSERT INTO BOOKINGS(BOOKING_ID,FLIGHT_ID,NAME) VALUES (60004,50084,'Allene Seamons');
INSERT INTO BOOKINGS(BOOKING_ID,FLIGHT_ID,NAME) VALUES (60005,50027,'Abe Hornsby');
INSERT INTO BOOKINGS(BOOKING_ID,FLIGHT_ID,NAME) VALUES (60006,50020,'Serina Quijada');
INSERT INTO BOOKINGS(BOOKING_ID,FLIGHT_ID,NAME) VALUES (60007,50030,'Beatrice Barrow');
INSERT INTO BOOKINGS(BOOKING_ID,FLIGHT_ID,NAME) VALUES (60008,50060,'Keren Gandara');
INSERT INTO BOOKINGS(BOOKING_ID,FLIGHT_ID,NAME) VALUES (60009,50016,'Takisha Ayotte');
INSERT INTO BOOKINGS(BOOKING_ID,FLIGHT_ID,NAME) VALUES (60010,50064,'Zandra Sayles');
INSERT INTO BOOKINGS(BOOKING_ID,FLIGHT_ID,NAME) VALUES (60011,50059,'Jaleesa Shack');
INSERT INTO BOOKINGS(BOOKING_ID,FLIGHT_ID,NAME) VALUES (60012,50023,'Andera Garfinkel');
INSERT INTO BOOKINGS(BOOKING_ID,FLIGHT_ID,NAME) VALUES (60013,50008,'Renate Factor');
INSERT INTO BOOKINGS(BOOKING_ID,FLIGHT_ID,NAME) VALUES (60014,50056,'Denice Hurn');
INSERT INTO BOOKINGS(BOOKING_ID,FLIGHT_ID,NAME) VALUES (60015,50060,'Joselyn Dansereau');
INSERT INTO BOOKINGS(BOOKING_ID,FLIGHT_ID,NAME) VALUES (60016,50006,'Roselle Kerney');
INSERT INTO BOOKINGS(BOOKING_ID,FLIGHT_ID,NAME) VALUES (60017,50060,'Johnathon Elsea');
INSERT INTO BOOKINGS(BOOKING_ID,FLIGHT_ID,NAME) VALUES (60018,50093,'Hermina Baylis');
INSERT INTO BOOKINGS(BOOKING_ID,FLIGHT_ID,NAME) VALUES (60019,50001,'Roland Chesnut');
INSERT INTO BOOKINGS(BOOKING_ID,FLIGHT_ID,NAME) VALUES (60020,50041,'Chrystal Kresge');
INSERT INTO BOOKINGS(BOOKING_ID,FLIGHT_ID,NAME) VALUES (60021,50042,'Lisa Shireman');
INSERT INTO BOOKINGS(BOOKING_ID,FLIGHT_ID,NAME) VALUES (60022,50048,'Quinton Autrey');
INSERT INTO BOOKINGS(BOOKING_ID,FLIGHT_ID,NAME) VALUES (60023,50065,'David Witherington');
INSERT INTO BOOKINGS(BOOKING_ID,FLIGHT_ID,NAME) VALUES (60024,50037,'Sylvia Man');
INSERT INTO BOOKINGS(BOOKING_ID,FLIGHT_ID,NAME) VALUES (60025,50041,'Jenine Lavallee');
INSERT INTO BOOKINGS(BOOKING_ID,FLIGHT_ID,NAME) VALUES (60026,50061,'Eufemia Prom');
INSERT INTO BOOKINGS(BOOKING_ID,FLIGHT_ID,NAME) VALUES (60027,50082,'Mika Foxx');
INSERT INTO BOOKINGS(BOOKING_ID,FLIGHT_ID,NAME) VALUES (60028,50011,'Chastity Brandenburg');
INSERT INTO BOOKINGS(BOOKING_ID,FLIGHT_ID,NAME) VALUES (60029,50089,'Silvia Raposo');
INSERT INTO BOOKINGS(BOOKING_ID,FLIGHT_ID,NAME) VALUES (60030,50040,'Alfred Khalsa');
INSERT INTO BOOKINGS(BOOKING_ID,FLIGHT_ID,NAME) VALUES (60031,50032,'Paul Huling');
INSERT INTO BOOKINGS(BOOKING_ID,FLIGHT_ID,NAME) VALUES (60032,50030,'Mollie Streicher');
INSERT INTO BOOKINGS(BOOKING_ID,FLIGHT_ID,NAME) VALUES (60033,50070,'Myriam Claxton');
INSERT INTO BOOKINGS(BOOKING_ID,FLIGHT_ID,NAME) VALUES (60034,50048,'Billy Bulman');
INSERT INTO BOOKINGS(BOOKING_ID,FLIGHT_ID,NAME) VALUES (60035,50084,'Candace Kea');
INSERT INTO BOOKINGS(BOOKING_ID,FLIGHT_ID,NAME) VALUES (60036,50025,'Curt Suydam');
INSERT INTO BOOKINGS(BOOKING_ID,FLIGHT_ID,NAME) VALUES (60037,50066,'Pricilla Capp');
INSERT INTO BOOKINGS(BOOKING_ID,FLIGHT_ID,NAME) VALUES (60038,50082,'Babette Lunday');
INSERT INTO BOOKINGS(BOOKING_ID,FLIGHT_ID,NAME) VALUES (60039,50037,'Maire Yoshimoto');
INSERT INTO BOOKINGS(BOOKING_ID,FLIGHT_ID,NAME) VALUES (60040,50059,'Karrie Mandell');
INSERT INTO BOOKINGS(BOOKING_ID,FLIGHT_ID,NAME) VALUES (60041,50088,'Shin Blain');
INSERT INTO BOOKINGS(BOOKING_ID,FLIGHT_ID,NAME) VALUES (60042,50007,'Billye Hooser');
INSERT INTO BOOKINGS(BOOKING_ID,FLIGHT_ID,NAME) VALUES (60043,50022,'Mercedez Tyrrell');
INSERT INTO BOOKINGS(BOOKING_ID,FLIGHT_ID,NAME) VALUES (60044,50059,'Reginia Prim');
INSERT INTO BOOKINGS(BOOKING_ID,FLIGHT_ID,NAME) VALUES (60045,50094,'Mariette Troyer');
INSERT INTO BOOKINGS(BOOKING_ID,FLIGHT_ID,NAME) VALUES (60046,50079,'Karie Dates');
INSERT INTO BOOKINGS(BOOKING_ID,FLIGHT_ID,NAME) VALUES (60047,50019,'Dede Burrows');
INSERT INTO BOOKINGS(BOOKING_ID,FLIGHT_ID,NAME) VALUES (60048,50059,'Tia Sheperd');
INSERT INTO BOOKINGS(BOOKING_ID,FLIGHT_ID,NAME) VALUES (60049,50003,'Cindie Gallagher');
INSERT INTO BOOKINGS(BOOKING_ID,FLIGHT_ID,NAME) VALUES (60050,50079,'Gordon Manalo');
INSERT INTO BOOKINGS(BOOKING_ID,FLIGHT_ID,NAME) VALUES (60051,50034,'Jacquline Aubuchon');
INSERT INTO BOOKINGS(BOOKING_ID,FLIGHT_ID,NAME) VALUES (60052,50012,'Melia Rohlfing');
INSERT INTO BOOKINGS(BOOKING_ID,FLIGHT_ID,NAME) VALUES (60053,50094,'Ayesha Regnier');
INSERT INTO BOOKINGS(BOOKING_ID,FLIGHT_ID,NAME) VALUES (60054,50042,'Florencia Blair');
INSERT INTO BOOKINGS(BOOKING_ID,FLIGHT_ID,NAME) VALUES (60055,50082,'Ella Barlowe');
INSERT INTO BOOKINGS(BOOKING_ID,FLIGHT_ID,NAME) VALUES (60056,50050,'Georgina Schacher');
INSERT INTO BOOKINGS(BOOKING_ID,FLIGHT_ID,NAME) VALUES (60057,50063,'Toby Aigner');
INSERT INTO BOOKINGS(BOOKING_ID,FLIGHT_ID,NAME) VALUES (60058,50035,'Adriana Broadway');
INSERT INTO BOOKINGS(BOOKING_ID,FLIGHT_ID,NAME) VALUES (60059,50062,'Jonah Chadd');
INSERT INTO BOOKINGS(BOOKING_ID,FLIGHT_ID,NAME) VALUES (60060,50024,'Deja Divens');
INSERT INTO BOOKINGS(BOOKING_ID,FLIGHT_ID,NAME) VALUES (60061,50090,'Wei Rosenthal');
INSERT INTO BOOKINGS(BOOKING_ID,FLIGHT_ID,NAME) VALUES (60062,50090,'Cecelia Heras');
INSERT INTO BOOKINGS(BOOKING_ID,FLIGHT_ID,NAME) VALUES (60063,50089,'Susanna Choat');
INSERT INTO BOOKINGS(BOOKING_ID,FLIGHT_ID,NAME) VALUES (60064,50034,'Ervin Minton');
INSERT INTO BOOKINGS(BOOKING_ID,FLIGHT_ID,NAME) VALUES (60065,50080,'Gwendolyn Colyer');
INSERT INTO BOOKINGS(BOOKING_ID,FLIGHT_ID,NAME) VALUES (60066,50058,'Hung Bischof');
INSERT INTO BOOKINGS(BOOKING_ID,FLIGHT_ID,NAME) VALUES (60067,50025,'Demetria Goltz');
INSERT INTO BOOKINGS(BOOKING_ID,FLIGHT_ID,NAME) VALUES (60068,50024,'Paulene Garvey');
INSERT INTO BOOKINGS(BOOKING_ID,FLIGHT_ID,NAME) VALUES (60069,50034,'Kitty Bork');
INSERT INTO BOOKINGS(BOOKING_ID,FLIGHT_ID,NAME) VALUES (60070,50047,'Liane Clingan');
INSERT INTO BOOKINGS(BOOKING_ID,FLIGHT_ID,NAME) VALUES (60071,50089,'Alyssa Mestayer');
INSERT INTO BOOKINGS(BOOKING_ID,FLIGHT_ID,NAME) VALUES (60072,50085,'Carylon Seawright');
INSERT INTO BOOKINGS(BOOKING_ID,FLIGHT_ID,NAME) VALUES (60073,50076,'Odessa Friel');
INSERT INTO BOOKINGS(BOOKING_ID,FLIGHT_ID,NAME) VALUES (60074,50027,'Nestor Weiland');
INSERT INTO BOOKINGS(BOOKING_ID,FLIGHT_ID,NAME) VALUES (60075,50003,'Lottie Mejia');
INSERT INTO BOOKINGS(BOOKING_ID,FLIGHT_ID,NAME) VALUES (60076,50067,'Khadijah Bethel');
INSERT INTO BOOKINGS(BOOKING_ID,FLIGHT_ID,NAME) VALUES (60077,50069,'Dorotha Willbanks');
INSERT INTO BOOKINGS(BOOKING_ID,FLIGHT_ID,NAME) VALUES (60078,50024,'Murray Rance');
INSERT INTO BOOKINGS(BOOKING_ID,FLIGHT_ID,NAME) VALUES (60079,50042,'Lauralee Brenton');
INSERT INTO BOOKINGS(BOOKING_ID,FLIGHT_ID,NAME) VALUES (60080,50092,'Dewitt Takemoto');
INSERT INTO BOOKINGS(BOOKING_ID,FLIGHT_ID,NAME) VALUES (60081,50064,'Ehtel Rinker');
INSERT INTO BOOKINGS(BOOKING_ID,FLIGHT_ID,NAME) VALUES (60082,50018,'Ailene Eldred');
INSERT INTO BOOKINGS(BOOKING_ID,FLIGHT_ID,NAME) VALUES (60083,50081,'Quyen Sommerfeld');
INSERT INTO BOOKINGS(BOOKING_ID,FLIGHT_ID,NAME) VALUES (60084,50044,'Dorothy Frum');
INSERT INTO BOOKINGS(BOOKING_ID,FLIGHT_ID,NAME) VALUES (60085,50090,'Isabella Porter');
INSERT INTO BOOKINGS(BOOKING_ID,FLIGHT_ID,NAME) VALUES (60086,50064,'Jarred Arpin');
INSERT INTO BOOKINGS(BOOKING_ID,FLIGHT_ID,NAME) VALUES (60087,50046,'Albertina Rosenfield');
INSERT INTO BOOKINGS(BOOKING_ID,FLIGHT_ID,NAME) VALUES (60088,50093,'Marc Eccles');
INSERT INTO BOOKINGS(BOOKING_ID,FLIGHT_ID,NAME) VALUES (60089,50053,'Paulita Heidenreich');
INSERT INTO BOOKINGS(BOOKING_ID,FLIGHT_ID,NAME) VALUES (60090,50026,'Aline Crowner');
INSERT INTO BOOKINGS(BOOKING_ID,FLIGHT_ID,NAME) VALUES (60091,50009,'Anitra Ryce');
INSERT INTO BOOKINGS(BOOKING_ID,FLIGHT_ID,NAME) VALUES (60092,50027,'Edgar Frakes');
INSERT INTO BOOKINGS(BOOKING_ID,FLIGHT_ID,NAME) VALUES (60093,50044,'Lauri Fenstermacher');
INSERT INTO BOOKINGS(BOOKING_ID,FLIGHT_ID,NAME) VALUES (60094,50094,'Sammy Kraemer');
INSERT INTO BOOKINGS(BOOKING_ID,FLIGHT_ID,NAME) VALUES (60095,50065,'Asuncion Jelks');
INSERT INTO BOOKINGS(BOOKING_ID,FLIGHT_ID,NAME) VALUES (60096,50011,'Cristobal Ganey');
INSERT INTO BOOKINGS(BOOKING_ID,FLIGHT_ID,NAME) VALUES (60097,50092,'Shenna Blocker');
INSERT INTO BOOKINGS(BOOKING_ID,FLIGHT_ID,NAME) VALUES (60098,50031,'Domingo Feuerstein');
INSERT INTO BOOKINGS(BOOKING_ID,FLIGHT_ID,NAME) VALUES (60099,50027,'Carolee Schunk');
INSERT INTO BOOKINGS(BOOKING_ID,FLIGHT_ID,NAME) VALUES (60100,50093,'Franchesca Frates');
